subscription_id,customer_id,plan_name,number_of_licenses,start_date,end_date
f8729566-37a5-4bbb-bb55-4dd45781744d,6660579b-1c91-4011-b3b4-67c21ed32a56,Pro,3,2024-05-10,2025-05-10
eba61559-83a3-4aa4-9be8-15c98c8109d3,6660579b-1c91-4011-b3b4-67c21ed32a56,Pro,3,2025-05-10,2026-05-10
02584100-7b29-4ef6-9760-6422fd09c902,ba139bc2-628f-4bda-9c80-8a6084427447,Pro,2,2023-10-04,2024-10-03
3b8d824a-044c-47bc-9843-0e79a90a8d2a,ba139bc2-628f-4bda-9c80-8a6084427447,Pro,4,2024-10-03,2025-10-03
6943caa7-433d-490c-a65c-072d2b137e12,ba139bc2-628f-4bda-9c80-8a6084427447,Pro,4,2025-10-03,2026-10-03
9cb3eee8-d0fd-47d7-bf39-fc5febb457a2,13276a39-1e4b-4d43-ac2f-260ba07f0487,Pro,3,2023-05-10,2024-05-09
b70cc9cb-7dcd-4a81-b589-3d82b7b79a8c,13276a39-1e4b-4d43-ac2f-260ba07f0487,Pro,3,2024-05-09,2025-05-09
c64939e3-ba5e-48c5-a244-2ebc569a79ea,e9cccfa8-5709-43c5-b7b5-737c29c97e56,Starter,2,2023-12-18,2024-12-17
1346a31e-7aaa-4a59-b40c-150c3f237c93,8ff8ad02-728e-4df7-8cce-84b89d10fa6d,Starter,2,2023-11-21,2024-11-20
1deda9f7-ee71-45a7-a577-04237dc0effe,8ff8ad02-728e-4df7-8cce-84b89d10fa6d,Pro,2,2024-11-20,2025-11-20
d8e24814-010b-47b2-904f-a3382ecc5d2b,8ff8ad02-728e-4df7-8cce-84b89d10fa6d,Pro,2,,
725dc7fc-9b9a-43d8-84cd-754b9eb81720,92d84234-618f-4f95-88b9-28a0f99ea2eb,Pro,3,2023-05-26,2024-05-25
0a69e191-3000-472e-8b01-b5861132f8f9,92d84234-618f-4f95-88b9-28a0f99ea2eb,Pro,3,2024-05-25,2025-05-25
d6b502f2-3f65-42c3-9a2b-a96f2873ed58,92d84234-618f-4f95-88b9-28a0f99ea2eb,Pro,3,2025-05-25,2026-05-25
fc2a295e-3489-4be5-9259-8f402e571a13,1d967759-945a-407e-b13b-30b360b519a1,Pro,1,2023-07-18,2024-07-17
c4191d8c-9b48-4073-9cfb-f2b1c2660b7a,1d967759-945a-407e-b13b-30b360b519a1,Pro,1,2024-07-17,2025-07-17
d4e6d872-8ca5-48a2-bd05-1e20876a6733,1d967759-945a-407e-b13b-30b360b519a1,Pro,1,2025-07-17,2026-07-17
99aba7a7-2d77-441e-92f9-17574f3800f5,ccfc82c2-e8c9-494c-90c5-8da1962007c3,Pro,1,2023-12-24,2024-12-23
4a96a1ac-4f41-4a15-8465-0c7edca9a235,ccfc82c2-e8c9-494c-90c5-8da1962007c3,Pro,1,2024-12-23,2025-12-23
c7a9d49e-e627-4ac4-a3ca-d13b9061154d,ccfc82c2-e8c9-494c-90c5-8da1962007c3,Pro,1,2025-12-23,2026-12-23
d6dd536d-80b7-4cc7-9e6e-2ec1152f0ffd,12b1da35-0dcd-454b-8af7-aea66e2f0319,Starter,3,2024-02-29,2025-02-28
480123e1-20c7-4dd5-be50-aa1985ccc8c6,4a5d8389-ae36-4fd2-bf52-7c7931312489,Starter,3,2024-01-03,2025-01-02
a4dbced4-fd47-4c6c-86da-634dc877ed2a,4a5d8389-ae36-4fd2-bf52-7c7931312489,Starter,2,2025-01-02,2026-01-02
a22d8f37-bc83-4f93-a9e7-24549daa8a5d,aa4278a9-f7ba-4de7-9c84-ca40a0b02236,Starter,1,2023-01-27,2024-01-27
47179478-10ec-42b0-8a6d-16d66f33846a,aa4278a9-f7ba-4de7-9c84-ca40a0b02236,Starter,1,2024-01-27,2025-01-26
e9b85517-9dbd-4fd9-8862-7f1755356bbd,aa4278a9-f7ba-4de7-9c84-ca40a0b02236,Pro,1,2025-01-26,2026-01-26
0355a2fd-c8d1-4714-9c05-eb9ab126ef61,4f8e1dc3-acb2-4a6a-b615-630c9ff442de,Starter,3,2023-10-19,2024-10-18
79810497-6292-4ec5-8673-efb57ba7ad99,4f8e1dc3-acb2-4a6a-b615-630c9ff442de,Starter,3,2024-10-18,2025-10-18
66efb6c7-24fe-4b03-8b41-8dab619d119b,4f8e1dc3-acb2-4a6a-b615-630c9ff442de,Starter,3,2025-10-18,2026-10-18
ac2cbf93-5e1a-49fe-8dbb-085316161e1b,e3d257a5-e0c5-4ff5-b3b5-44047d7b1ecf,Pro,2,2024-01-26,2025-01-25
132c5916-1bdc-47fb-9560-485c84cb4485,e3d257a5-e0c5-4ff5-b3b5-44047d7b1ecf,Pro,4,2025-01-25,2026-01-25
1de6f0e0-df30-4078-bdb7-337599b06164,3a54fe98-1ef2-4d42-900b-8c8ab0b6a8f8,Pro,2,2023-06-15,2024-06-14
e1a292cb-cd4e-4891-a09b-009926982849,431daf74-1d31-4c2b-a9ea-075d66e74118,Pro,3,2023-03-29,2024-03-28
a5f7d6e3-b353-4478-af48-24f4bfb4f71c,431daf74-1d31-4c2b-a9ea-075d66e74118,Pro,3,2024-03-28,2025-03-28
bd549042-ebd8-47a0-b28d-884404b00a94,431daf74-1d31-4c2b-a9ea-075d66e74118,Pro,5,2025-03-28,2026-03-28
7e462735-822b-4182-9926-2a0741b1ad8f,6c7f7b98-83c6-44b5-bb92-c9da27530e7b,Starter,2,2024-04-23,2025-04-23
c741ca2d-1a66-46e4-81a9-e9c33f8d453b,6c7f7b98-83c6-44b5-bb92-c9da27530e7b,Starter,2,2025-04-23,2026-04-23
66ff5768-ba71-45de-b265-e9648a770311,7f87ae02-8158-4842-a7f7-30506b0a4e37,Starter,1,2023-03-25,2024-03-24
deac6062-c023-417d-8bb2-da852cf8adfe,584e034e-c4f6-4500-9fd8-940ecf393398,Starter,2,2023-09-04,2024-09-03
c2ee93cd-7ea0-491d-a176-b71b5ae128cc,584e034e-c4f6-4500-9fd8-940ecf393398,Starter,2,2024-09-03,2025-09-03
fff7fe29-9793-4aaa-8c74-8ada50a0e0c5,584e034e-c4f6-4500-9fd8-940ecf393398,Starter,1,2025-09-03,2026-09-03
823d4ed3-9664-4640-8056-3e5d1128eec3,ce207913-ed69-48a7-8663-3edce9ec75a5,Starter,1,2023-07-21,2024-07-20
3b89cd87-4380-494c-a483-e998169cf317,ce207913-ed69-48a7-8663-3edce9ec75a5,Starter,1,2024-07-20,2025-07-20
ec182fed-4d55-4f11-94db-d034cb0af818,ce207913-ed69-48a7-8663-3edce9ec75a5,Starter,1,2025-07-20,2026-07-20
78d39a06-ba72-4bf2-ad13-032b269ce4e9,701a272b-afd0-40fd-bb7f-7eaba9f76e47,Starter,2,2023-06-04,2024-06-03
e0a86b98-40d6-47f9-b319-6bd1e0de4979,701a272b-afd0-40fd-bb7f-7eaba9f76e47,Starter,2,2024-06-03,2025-06-03
e51d1404-bb76-4074-bc87-a5967c69aa6e,701a272b-afd0-40fd-bb7f-7eaba9f76e47,Starter,2,2025-06-03,2026-06-03
47509956-8c2a-4eff-9258-856a6e14d533,7f509f28-3551-433e-a546-44ba4164ab80,Pro,2,2023-06-17,2024-06-16
46e6437e-7bf4-40b7-ae7d-7b8beafe782c,7f509f28-3551-433e-a546-44ba4164ab80,Pro,2,2024-06-16,2025-06-16
b4a80f3a-08f6-4b31-8a5b-a6f76cc0d53f,7f509f28-3551-433e-a546-44ba4164ab80,Pro,2,2025-06-16,2026-06-16
4019ea33-3974-4fa8-979f-0eaa56562a4f,a69c0486-b558-49da-b081-20a46a40c1e7,Starter,2,2023-12-28,2024-12-27
eaf963f4-b4d6-457b-a714-e9bc21a7dae8,a69c0486-b558-49da-b081-20a46a40c1e7,Starter,1,2024-12-27,2025-12-27
189255ca-b887-44a3-a55f-ed28eb3e04e2,a69c0486-b558-49da-b081-20a46a40c1e7,Starter,1,2025-12-27,2026-12-27
18e3bfb3-9995-401b-8403-75e17c00890b,200fcebe-8ce4-45f5-b2b2-fdada956e33f,Pro,3,2023-12-08,2024-12-07
4907e7b1-060e-4930-9113-ade44ecd814c,200fcebe-8ce4-45f5-b2b2-fdada956e33f,Pro,3,2024-12-07,2025-12-07
6790fc80-0ba9-49bc-9126-6c0fd9fb95c4,200fcebe-8ce4-45f5-b2b2-fdada956e33f,Pro,3,2025-12-07,2026-12-07
8eae8cb5-f9d9-41c7-b596-e31bdf98e529,b229f2fd-87ca-4250-9a17-7c0f0e0c3c95,Pro,3,2023-11-20,2024-11-19
6076cb07-b29b-4feb-a77e-1bf05a0d67d6,4b4170f6-30ed-412a-af5a-f3f92e99539e,Starter,3,2023-10-25,2024-10-24
7c9dab93-a9eb-48b1-8fe1-86f3cd4bf2d4,4b4170f6-30ed-412a-af5a-f3f92e99539e,Starter,3,2024-10-24,2025-10-24
143e3106-3d27-4deb-a05c-bee46b942320,4b4170f6-30ed-412a-af5a-f3f92e99539e,Starter,3,2025-10-24,2026-10-24
ea49cfb3-00de-4f2a-adca-419f3316e1dc,af695c7c-40ea-40fb-b657-bea8ec9fe272,Starter,2,2024-03-18,2025-03-18
91f6d933-188f-465a-b2c7-03a145c63af9,af695c7c-40ea-40fb-b657-bea8ec9fe272,Starter,2,2025-03-18,2026-03-18
953ef952-0743-4293-ad73-43195953fb85,d170172c-19b4-4c3c-8526-164c72717443,Pro,2,2024-01-31,2025-01-30
0a2aeaed-5f6c-4099-8ab3-1f550645f69e,d170172c-19b4-4c3c-8526-164c72717443,Pro,1,2025-01-30,2026-01-30
fc207601-12e0-4870-9fd4-51908cac0fdc,8475c3da-1453-4a35-a834-0c9bb9919bbf,Pro,2,2023-12-16,2024-12-15
c74fbfab-074a-4cdf-b9d3-f3349e652769,a8b84890-083a-420e-9ace-ecaa21c9e8e7,Starter,1,2023-07-24,2024-07-23
17180aa2-ebcb-4d2f-ba75-38f5716a2063,a8b84890-083a-420e-9ace-ecaa21c9e8e7,Pro,1,2024-07-23,2025-07-23
9d39c6c4-41e4-4523-b102-f9b49441ab34,a8b84890-083a-420e-9ace-ecaa21c9e8e7,Pro,1,2025-07-23,2026-07-23
df32214c-b732-4881-b56b-c2a555c422d8,55b2d956-5d0f-418f-8d44-88887d6d37fe,Pro,2,2024-01-07,2025-01-06
9d7761a3-99fd-495a-a0d4-3ff694780f0c,55b2d956-5d0f-418f-8d44-88887d6d37fe,Pro,2,2025-01-06,2026-01-06
6cde4afa-7f21-4107-a51e-4a3fc3e9298f,e8fe8dd4-9794-4036-ae0e-7aa9d7ace04e,Starter,3,2024-04-21,2025-04-21
4f5cf129-7761-4215-b179-d57c0418358a,00782a2d-b435-455a-8575-54ec5d3dc9ee,Pro,1,2024-06-03,2025-06-03
aecbe9a2-6c9e-4454-bc00-74f5681d8e74,00782a2d-b435-455a-8575-54ec5d3dc9ee,Pro,3,2025-06-03,2026-06-03
c4969611-fc6e-4e65-9591-cf25cb678ee3,702f05f0-fd51-492a-ba28-1790a5d05f0e,Pro,1,2024-01-13,2025-01-12
fdd0f999-9bfe-4fb4-92c1-ab774e396775,5ce3d376-b826-4097-bee0-dd20498416cd,Starter,3,2023-09-25,2024-09-24
78a3614e-145d-4390-abd6-4f483b912878,5ce3d376-b826-4097-bee0-dd20498416cd,Starter,3,2024-09-24,2025-09-24
6e7ff3ae-6732-456f-8380-310a0d644c13,6e4c41d5-1569-44ad-82ad-7b4586bcef65,Pro,2,2023-02-16,2024-02-16
7a86e613-7dda-4706-89bd-316bdeb422f5,6e4c41d5-1569-44ad-82ad-7b4586bcef65,Pro,2,2024-02-16,2025-02-15
c12b639a-a926-4d27-ac89-7943837c61dd,4c17ac7a-1853-4877-847a-20aeeda0ca90,Pro,3,2023-10-10,2024-10-09
b438436a-f1ca-4e24-9029-614701939909,4c17ac7a-1853-4877-847a-20aeeda0ca90,Pro,3,2024-10-09,2025-10-09
acba5568-2199-4f67-83a7-02579aedb95b,4c17ac7a-1853-4877-847a-20aeeda0ca90,Pro,3,2025-10-09,2026-10-09
7f2d178d-15ec-4813-90b2-3e6ea2b4d5f3,b759b3ec-b9ad-4b05-a726-8e7aba8808b1,Pro,3,2023-01-14,2024-01-14
b584684b-66da-434a-a002-e6217b0d6553,c97a0db4-6b02-4a7c-80d8-c1701b2c4f62,Pro,3,2023-10-05,2024-10-04
122e92ba-7bab-4349-9452-be3a7b19ce75,c97a0db4-6b02-4a7c-80d8-c1701b2c4f62,Pro,3,2024-10-04,2025-10-04
c735513b-cb44-4c81-b657-d46a6405a201,c97a0db4-6b02-4a7c-80d8-c1701b2c4f62,Pro,2,2025-10-04,2026-10-04
c5a1c170-34f2-43ba-9ee6-494c3879abae,b8df7994-b068-4e33-b12f-bad9caa42fe0,Starter,2,2024-01-09,2025-01-08
31a2da96-fbc7-46e6-8c37-cd458218319f,b8df7994-b068-4e33-b12f-bad9caa42fe0,Starter,2,2025-01-08,2026-01-08
05f92a52-f639-4e03-81e9-83f782b10fa6,226d50fe-7081-4a18-9793-29b2b33911d6,Starter,1,2023-05-11,2024-05-10
03694d6c-80a6-4391-8028-16c09a5ff9c6,226d50fe-7081-4a18-9793-29b2b33911d6,Starter,1,2024-05-10,2025-05-10
7be4e40d-db43-481b-8d5a-362956834e0f,226d50fe-7081-4a18-9793-29b2b33911d6,Starter,1,,
65a7a0a0-6568-4e6a-b4ce-2a9a8bd0309c,06f9c564-cd6c-41d8-b05c-f43f9c456895,Starter,1,2023-10-17,2024-10-16
58232722-21e1-4adf-82dc-0c1ab8af557f,06f9c564-cd6c-41d8-b05c-f43f9c456895,Starter,1,2024-10-16,2025-10-16
84fe6e18-8e71-43b8-9ec7-916a70af8ea0,06f9c564-cd6c-41d8-b05c-f43f9c456895,Starter,1,2025-10-16,2026-10-16
f2c7e66f-d4f3-43d9-b286-038f37c06be1,89738787-c62d-4b3f-8abf-04a63444239c,Starter,2,2023-12-01,2024-11-30
c3c2acef-fb7a-4008-a595-67b6362a1daa,89738787-c62d-4b3f-8abf-04a63444239c,Starter,2,2024-11-30,2025-11-30
5152efc1-ed8b-47fd-bf91-82fce2d2b112,89738787-c62d-4b3f-8abf-04a63444239c,Starter,2,2025-11-30,2026-11-30
b0c9338d-600d-4592-a86e-f5fd499763a5,da534d57-cd66-44fe-9daf-987387480a22,Pro,2,2023-02-04,2024-02-04
30b2dea6-1c48-4279-8082-69b71daa4a62,9128b8d4-5708-46a5-a498-82a1f224c63b,Pro,2,2023-06-05,2024-06-04
6c569b11-7a8e-4068-9452-9a8bd00ca46f,9128b8d4-5708-46a5-a498-82a1f224c63b,Pro,2,2024-06-04,2025-06-04
ba638c77-b476-4353-8216-8cdcf9da5d2e,9128b8d4-5708-46a5-a498-82a1f224c63b,Pro,2,2025-06-04,2026-06-04
cced04dd-fff3-41b4-849a-846dd179b969,5a3bde5f-c5c3-4683-a674-b7d9d9d38c1d,Starter,3,2023-07-04,2024-07-03
248bf56b-2ed7-41b6-8e37-1afb08ce5d47,5a3bde5f-c5c3-4683-a674-b7d9d9d38c1d,Starter,3,2024-07-03,2025-07-03
0dd5358b-7cda-40ae-be34-efc3cfb10bbe,5a3bde5f-c5c3-4683-a674-b7d9d9d38c1d,Starter,3,2025-07-03,2026-07-03
c097deb1-1348-4fec-8f83-f031a4cd0fb2,e7382fd8-2074-4cde-b3e8-edac2d9464a6,Starter,3,2024-02-01,2025-01-31
6ee5096e-199b-4c69-97fb-8007ba847fe4,e7382fd8-2074-4cde-b3e8-edac2d9464a6,Starter,3,2025-01-31,2026-01-31
7904ec24-14c5-48c2-aa1b-fe66a26c9501,c2e54d1d-bc49-42aa-aa94-99838616128e,Pro,3,2023-02-28,2024-02-28
1e70bfcc-36f8-4b59-8496-30ab20b30842,c2e54d1d-bc49-42aa-aa94-99838616128e,Pro,3,2024-02-28,2025-02-27
e2e20014-8e4a-45c9-a8a8-ef9384952f12,c2e54d1d-bc49-42aa-aa94-99838616128e,Pro,3,2025-02-27,2026-02-27
1ee08c98-5986-4fbe-a24d-d003e92b930f,27a70b00-8c13-488a-a6cc-02daa48b5c82,Pro,2,2024-04-01,2025-04-01
69305f47-d31a-40e1-8c0a-44368cadbbe8,186cbd1a-5af5-4ab4-aafc-905205035a61,Pro,2,2024-03-08,2025-03-08
70aed0e1-a1c5-45f2-8602-8b02986bd8f3,186cbd1a-5af5-4ab4-aafc-905205035a61,Pro,2,2025-03-08,2026-03-08
895b622f-cfd8-421d-a2af-944772e44557,80fc2349-88d5-4070-80c9-e0144f5ef9ec,Starter,1,2024-01-25,2025-01-24
472eda60-2e58-48f9-99e6-c2e3981246cb,80fc2349-88d5-4070-80c9-e0144f5ef9ec,Starter,1,2025-01-24,2026-01-24
fe2ae416-d7d8-45cc-b530-454b42d830ee,2766f8bf-0d14-4353-8b09-51d34f5f0316,Starter,1,2023-09-04,2024-09-03
2f668e31-7692-498c-a679-8de5fa0aaea8,2766f8bf-0d14-4353-8b09-51d34f5f0316,Starter,1,2024-09-03,2025-09-03
0ae58e75-8768-498f-bd18-75ce89e1b5ba,784f45c4-6eb1-4347-8a6e-236f3758b1eb,Starter,2,2024-07-24,2025-07-24
2a90a053-b315-4a4c-aa61-958d1a005a09,784f45c4-6eb1-4347-8a6e-236f3758b1eb,Starter,2,2025-07-24,2026-07-24
ed46ec68-8713-4ac6-9bc1-69de343a600a,d046bc82-9386-47fc-8726-968aa57181a4,Starter,1,2023-03-25,2024-03-24
b8821f95-e6c5-4f38-b13d-cf157c386341,13503760-6447-4778-a1d4-732cccfb1fb3,Starter,3,2023-08-22,2024-08-21
0dc42647-3fbf-4aa4-a281-2d2d7009663f,13503760-6447-4778-a1d4-732cccfb1fb3,Starter,3,2024-08-21,2025-08-21
6ddfc527-4862-4c19-8c96-58db18aed42f,13503760-6447-4778-a1d4-732cccfb1fb3,Starter,3,2025-08-21,2026-08-21
ed2f26a0-1f9d-430c-83e4-90d845012020,2c8e2ae1-4e74-495e-a01d-b74f64a22edb,Pro,2,2023-07-22,2024-07-21
02bdb889-5b71-4d04-ad5b-7477d0b802aa,a3317deb-0bc4-4b84-99e5-a6bd3f19a534,Starter,2,2024-02-25,2025-02-24
f30c193b-577b-49e0-9b3b-b61fad45c563,a3317deb-0bc4-4b84-99e5-a6bd3f19a534,Starter,2,2025-02-24,2026-02-24
7e82771c-0c0c-4569-b757-02c5cf23e1a1,e539bb49-eaa7-4f97-b159-cb308064eefe,Pro,2,2023-11-21,2024-11-20
48fbc045-1936-44ec-85c5-7dda994e2ca8,e539bb49-eaa7-4f97-b159-cb308064eefe,Pro,2,2024-11-20,2025-11-20
d4943af0-64ba-4d0e-95b9-1b50b98bbf08,fa234918-6b2e-4ed4-9a45-a3b5c9c59ef5,Pro,3,2023-12-15,2024-12-14
62a92345-66f4-46b8-8a30-8ac77371a4cb,fa234918-6b2e-4ed4-9a45-a3b5c9c59ef5,Pro,2,2024-12-14,2025-12-14
80f38355-6883-4732-982b-4aca227855b7,fa234918-6b2e-4ed4-9a45-a3b5c9c59ef5,Pro,2,2025-12-14,2026-12-14
4bf7fa4f-26d7-43b2-9fd8-fec76d32d18f,be54c415-2226-451a-b0b1-7410b4213257,Pro,1,2024-01-09,2025-01-08
a2e18d92-1e63-410b-a423-b5b0b194959e,be54c415-2226-451a-b0b1-7410b4213257,Pro,3,2025-01-08,2026-01-08
48e230ea-b9a8-4255-a97f-0db2729f6518,0a8ad8a2-159c-4354-abd3-fd82fd38950c,Pro,1,2023-08-07,2024-08-06
872c9b16-a333-4f39-9e47-9921aabf8a4f,0a8ad8a2-159c-4354-abd3-fd82fd38950c,Pro,1,2024-08-06,2025-08-06
92ee9ab5-eca5-4c52-977c-715e6753c1f9,0a8ad8a2-159c-4354-abd3-fd82fd38950c,Pro,1,2025-08-06,2026-08-06
e587101b-1a84-4f26-ac9a-8a4df8a79618,7e10034f-fab7-4c59-a539-9074974b6f9f,Pro,1,2023-10-19,2024-10-18
a4aae32e-fc53-4615-a046-e49ff53b1155,7e10034f-fab7-4c59-a539-9074974b6f9f,Pro,1,2024-10-18,2025-10-18
afb778e8-96ee-49eb-a3ce-01323961bd38,7e10034f-fab7-4c59-a539-9074974b6f9f,Pro,1,2025-10-18,2026-10-18
e9c64845-c92c-48e2-b31d-40c54a8339c2,19b69923-ee46-4d7d-bd0b-385729ff4678,Pro,1,,
5dbecd54-2d56-47d6-8526-b5b1c2dd19f8,19b69923-ee46-4d7d-bd0b-385729ff4678,Pro,1,2024-10-19,2025-10-19
b01809fc-24f3-4c3a-9d52-a7006588bd06,cc7f58ba-6d69-41be-9317-f4256c987257,Pro,3,2023-08-23,2024-08-22
879580c4-8b0f-4dc4-a267-d4b7d39f56ea,cc7f58ba-6d69-41be-9317-f4256c987257,Pro,3,2024-08-22,2025-08-22
233f02ab-4d28-4330-9ff6-7f23a5b5fcfa,cc7f58ba-6d69-41be-9317-f4256c987257,Pro,3,2025-08-22,2026-08-22
716665eb-36c8-4ea9-8a2f-acfbbfd11962,12b1b432-6386-4a36-b64c-1f0d89f4f5d1,Starter,1,2023-02-01,2024-02-01
831dea81-b9f6-4e68-8db5-e174fd8a1bef,12b1b432-6386-4a36-b64c-1f0d89f4f5d1,Starter,1,2024-02-01,2025-01-31
b78a646c-b2c1-4470-806f-7188396d6712,12b1b432-6386-4a36-b64c-1f0d89f4f5d1,Starter,1,2025-01-31,2026-01-31
912fc025-d03c-4645-ad95-645e000ba391,39bec56b-bf4a-445b-8f33-ae3bb4e6d5dd,Starter,2,2024-02-07,2025-02-06
a7dfcbf6-0d1c-4341-97c3-fc7004b68fbc,e791c47a-1339-43a6-8a6e-3f777d4f5c3b,Starter,3,2023-11-25,2024-11-24
33500bba-bd81-4844-9289-564956adec08,e791c47a-1339-43a6-8a6e-3f777d4f5c3b,Starter,3,2024-11-24,2025-11-24
6e0e804a-27fb-4488-9626-cdfcb4afa035,29905433-41d2-4e70-8c7c-9c52756b4b20,Pro,1,2023-11-06,2024-11-05
f4ac2353-a195-4a07-a0e3-4122419f5db0,29905433-41d2-4e70-8c7c-9c52756b4b20,Pro,1,2024-11-05,2025-11-05
09374286-c8ef-430a-98d1-d75572ab0517,29905433-41d2-4e70-8c7c-9c52756b4b20,Pro,3,2025-11-05,2026-11-05
ed334a42-767b-49ec-b1fa-03013ebaad4d,b873d22b-214f-4844-9d75-0bee7cc3d16a,Starter,1,2024-02-01,2025-01-31
bed703af-eb85-4ba0-9ea9-a355c70368db,b873d22b-214f-4844-9d75-0bee7cc3d16a,Pro,1,2025-01-31,2026-01-31
f6931753-a4af-45cc-8f6b-1c55212c3674,4e1fda94-4719-4a23-9d3a-f60b63ab133a,Starter,3,2023-12-04,2024-12-03
14d90c94-9291-4800-b1cd-2013dc2007f7,4e1fda94-4719-4a23-9d3a-f60b63ab133a,Starter,3,2024-12-03,2025-12-03
49bbfd3e-d602-4763-b4a8-783035228b21,25184ba6-fca3-4635-ba64-7fd240c904e1,Starter,1,,
9a70ca7f-ed26-4b4d-b65c-1f6c0d9e87a0,25184ba6-fca3-4635-ba64-7fd240c904e1,Starter,1,2024-09-17,2025-09-17
a8305a7c-c21e-4b90-8da0-afad353a76c8,25184ba6-fca3-4635-ba64-7fd240c904e1,Starter,1,2025-09-17,2026-09-17
8ba5006a-464f-4825-9df7-b263870df0b5,90d6474c-9849-4a4f-bf95-0098113245ef,Starter,2,2024-03-13,2025-03-13
31b5611c-30af-4676-8872-d04a96a6a939,90d6474c-9849-4a4f-bf95-0098113245ef,Starter,2,2025-03-13,2026-03-13
66c8203b-f0d7-42de-809b-27d75b0bd348,1e77acdc-72d8-4477-a67b-5a16efeeaa84,Pro,1,2023-02-22,2024-02-22
a2a09034-fd9b-4c13-aed4-cd11b8681841,1e77acdc-72d8-4477-a67b-5a16efeeaa84,Pro,1,2024-02-22,2025-02-21
279771e0-9e39-4f69-ab94-7d1c290413c5,1e77acdc-72d8-4477-a67b-5a16efeeaa84,Pro,1,2025-02-21,2026-02-21
5f5aa4f2-eb48-49b7-bbb7-756d8b67af6e,f3a0691c-7e30-4f40-9c83-107bea6df4f5,Starter,1,2023-02-28,2024-02-28
8584033a-6fd7-4519-89b6-1c31c57ef48f,f3a0691c-7e30-4f40-9c83-107bea6df4f5,Starter,1,2024-02-28,2025-02-27
4e975525-e83d-446c-9d42-481c2214b0d2,f3a0691c-7e30-4f40-9c83-107bea6df4f5,Starter,1,2025-02-27,2026-02-27
30a800a5-b5cf-40b4-a743-04acd8674679,92b8bfe9-c96f-4e95-9f23-1db271afffbd,Pro,2,2023-08-30,2024-08-29
79c96dca-d384-4bfb-8d48-95e17b099392,92b8bfe9-c96f-4e95-9f23-1db271afffbd,Pro,2,2024-08-29,2025-08-29
6e0c0425-83e3-4738-a4c6-61782bd88be0,92b8bfe9-c96f-4e95-9f23-1db271afffbd,Pro,2,2025-08-29,2026-08-29
582f9b0b-7a42-4437-9c80-21a7502d7a71,9ab9ea6e-c7ea-4619-9a75-3ad81e9ade85,Pro,1,2023-07-02,2024-07-01
21b86219-0120-45b4-962b-dfae1e486732,9ab9ea6e-c7ea-4619-9a75-3ad81e9ade85,Pro,1,2024-07-01,2025-07-01
7c91f8ff-770d-4fa4-96a5-934028f2a80a,9ab9ea6e-c7ea-4619-9a75-3ad81e9ade85,Pro,1,2025-07-01,2026-07-01
cbab2df3-401c-4a2a-afd9-163c27a5b404,62bf5596-a4f2-4acf-b575-1cd8694925bb,Starter,2,2023-11-08,2024-11-07
c8838b7c-7664-4d00-b977-2b09b7d12b56,62bf5596-a4f2-4acf-b575-1cd8694925bb,Pro,2,2024-11-07,2025-11-07
c15f8f48-76c5-4a16-97e0-af0137fddefe,62bf5596-a4f2-4acf-b575-1cd8694925bb,Pro,2,2025-11-07,2026-11-07
d73515da-7088-4d4a-ad53-a1a71891bf07,f8cf7a5d-e17e-40ff-ad0e-623155960089,Starter,1,2024-02-22,2025-02-21
6433691f-e07a-4714-a2d9-87ab96c93611,f8cf7a5d-e17e-40ff-ad0e-623155960089,Starter,1,2025-02-21,2026-02-21
19e01228-657d-4df6-bec2-2a3d7617c873,b1b50418-10d1-48a7-a9fe-f015654ea358,Starter,2,2023-11-28,2024-11-27
afbf6c10-a34d-4691-a52a-b1e820e06382,b1b50418-10d1-48a7-a9fe-f015654ea358,Starter,2,2024-11-27,2025-11-27
2912b4a9-fe7d-477e-865d-2969916716ab,b1b50418-10d1-48a7-a9fe-f015654ea358,Starter,1,2025-11-27,2026-11-27
5a9c9880-f050-4e31-aae7-c573bcff4afe,caf659db-2cef-4fef-89f4-ef074beb7309,Pro,1,2023-09-11,2024-09-10
d24747ff-0534-4407-b531-8d166ef4f51c,b04caa4f-1378-4099-9aa3-de5f9e684722,Pro,2,2023-07-26,2024-07-25
f82b596a-1e91-4a25-aadb-28152ef6c7ac,b04caa4f-1378-4099-9aa3-de5f9e684722,Pro,2,2024-07-25,2025-07-25
d22ba54e-145f-4502-91bb-9fc43c372ab0,b04caa4f-1378-4099-9aa3-de5f9e684722,Pro,2,2025-07-25,2026-07-25
b3e9dedc-a0f4-4efc-9ddb-07548125b398,bb079c80-3574-4a4f-afbe-604ea605fcc0,Starter,2,2023-12-18,2024-12-17
f362bd2c-1905-4e27-9d49-ac4bc053c82f,bb079c80-3574-4a4f-afbe-604ea605fcc0,Starter,1,2024-12-17,2025-12-17
b9b5c4e6-f6e5-46fd-ad42-80b935a43bad,bb079c80-3574-4a4f-afbe-604ea605fcc0,Starter,1,2025-12-17,2026-12-17
9238da05-d075-43a6-ae0b-fe6870073760,67056b98-e786-476b-8ec1-2be2c25f8c6a,Pro,3,2023-10-04,2024-10-03
55e40ef6-8928-409a-883a-ab2eb6afbbc2,67056b98-e786-476b-8ec1-2be2c25f8c6a,Pro,3,2024-10-03,2025-10-03
c0aee6c0-6d0a-435e-bc07-f9f12df2917b,67056b98-e786-476b-8ec1-2be2c25f8c6a,Pro,3,2025-10-03,2026-10-03
ea29a812-4848-461f-83c7-2f939d3120e9,5dd52321-e75e-44f6-a747-c7b09628c909,Pro,1,2023-07-15,2024-07-14
61fe1e66-5ce4-4fd3-a3b1-eadce0b6158c,5dd52321-e75e-44f6-a747-c7b09628c909,Pro,1,2024-07-14,2025-07-14
885823df-2ec8-4eef-b2f4-8cd3fd450852,5dd52321-e75e-44f6-a747-c7b09628c909,Pro,1,2025-07-14,2026-07-14
4e2cc2c9-1944-4878-8554-269c804722b2,2063b9fc-1435-42ac-9596-eca6b292ff58,Starter,3,2023-07-05,2024-07-04
8af7c1f8-fa25-4f69-821d-f9bb55e8f319,2063b9fc-1435-42ac-9596-eca6b292ff58,Starter,3,2024-07-04,2025-07-04
296c9606-ced1-4c61-8192-8f20a6fcc59d,2063b9fc-1435-42ac-9596-eca6b292ff58,Starter,3,2025-07-04,2026-07-04
b971f70d-b894-4cbd-bc5b-19ab0e18f806,8ee14db2-74db-4776-b98d-cdb2cebe2a87,Pro,3,2024-04-17,2025-04-17
836fe4d1-239e-4266-b4f6-7c732633bf99,8ee14db2-74db-4776-b98d-cdb2cebe2a87,Pro,2,2025-04-17,2026-04-17
5df1a3cc-c3eb-47bd-b0aa-845bd4dca9e2,3b7745c0-8f9c-4563-8538-a90faccc7fcd,Pro,1,2023-05-31,2024-05-30
c46a4eac-b0ed-4563-9ca5-bdb1722cdab2,3b7745c0-8f9c-4563-8538-a90faccc7fcd,Pro,1,2024-05-30,2025-05-30
daa1378f-8a5d-46c5-8fdf-52d052ae0ece,3b7745c0-8f9c-4563-8538-a90faccc7fcd,Pro,1,2025-05-30,2026-05-30
340c2571-3606-4fa1-9545-70781db47586,a4258718-3d6e-470c-bfea-4631fd334467,Pro,1,2024-02-08,2025-02-07
01f5074e-43db-4639-90f9-50e999c3acef,a4258718-3d6e-470c-bfea-4631fd334467,Pro,1,2025-02-07,2026-02-07
8dbe6d23-0bb1-4720-9ddc-0fdd26c12561,f9eb7143-6bd6-4dff-9a80-24a2c24486a1,Starter,3,2024-01-18,2025-01-17
3a64dc12-cd46-49dd-8131-4641d1e69936,f9eb7143-6bd6-4dff-9a80-24a2c24486a1,Starter,2,,
a61512a2-dc4e-4712-9ca2-a5a23468036e,f1439373-ce7c-45ad-a593-da2bb284c920,Starter,3,2023-10-04,2024-10-03
57b1bb23-e83e-46bd-950d-801154e194e5,b71efbd7-5876-4581-9961-2c281b9662ea,Pro,2,2023-08-10,2024-08-09
bcf2e301-0f97-45b6-8503-2369ed24b946,b71efbd7-5876-4581-9961-2c281b9662ea,Pro,1,2024-08-09,2025-08-09
aea7399b-9bf7-4e84-a631-779e9cb67507,b71efbd7-5876-4581-9961-2c281b9662ea,Pro,1,2025-08-09,2026-08-09
241c1cba-ccd8-4d20-a281-1cb51afb1adf,d437ad0d-0816-4303-b1ec-c40e9503bad9,Pro,3,2023-07-01,2024-06-30
47e733b9-492a-4271-ba02-de53892833f1,d437ad0d-0816-4303-b1ec-c40e9503bad9,Pro,3,2024-06-30,2025-06-30
98735d75-0b54-4d22-8894-9f54d3703f91,d437ad0d-0816-4303-b1ec-c40e9503bad9,Pro,3,2025-06-30,2026-06-30
78137341-1114-454c-a873-3e960271194a,27aef68b-9720-4abd-af7a-3c8ee4942cf5,Pro,1,2023-08-01,2024-07-31
f162ca5b-2e83-4d15-a1d8-0dee011bfd7c,27aef68b-9720-4abd-af7a-3c8ee4942cf5,Pro,1,2024-07-31,2025-07-31
3f9e9923-0734-495e-914d-a071605a36c3,27aef68b-9720-4abd-af7a-3c8ee4942cf5,Pro,1,2025-07-31,2026-07-31
7a1b1c1f-967f-4325-bbeb-8288e28b53de,47dbf031-f832-4127-971f-cb2833205f53,Pro,2,2023-09-15,2024-09-14
1d24116a-456a-471c-899e-c56a43084c8b,47dbf031-f832-4127-971f-cb2833205f53,Pro,2,2024-09-14,2025-09-14
63e7fdfb-65e1-4712-9908-0e89dfd742b8,47dbf031-f832-4127-971f-cb2833205f53,Pro,2,2025-09-14,2026-09-14
41acf691-9e56-4342-b5af-2d8d1e95c4ec,d90a039f-4de9-4c52-a417-bd0647f10237,Pro,2,2024-02-08,2025-02-07
dced7a4d-bac4-424d-9d58-dab87c9bec08,d90a039f-4de9-4c52-a417-bd0647f10237,Pro,2,2025-02-07,2026-02-07
619829fe-5575-4d2b-bd64-af93bded8c40,8058eabd-c185-48dc-bc94-bcb980658e04,Pro,1,2023-07-09,2024-07-08
d73127b0-538d-4705-b033-db683cf5a978,8058eabd-c185-48dc-bc94-bcb980658e04,Pro,1,2024-07-08,2025-07-08
255bd54b-5d11-437d-b94a-aea1f0506c75,8058eabd-c185-48dc-bc94-bcb980658e04,Pro,1,2025-07-08,2026-07-08
c09cec6e-6f9b-4823-8ec8-accbfb27f109,a9d53ef4-32cd-4ab0-a175-6a0464a491f2,Pro,3,2024-03-03,2025-03-03
1cf1d2cd-8377-4d6d-a4d3-60748952bfe7,a9d53ef4-32cd-4ab0-a175-6a0464a491f2,Pro,3,2025-03-03,2026-03-03
65c154f1-dfc8-4b88-a71f-874d0c24e0dc,bf3064c6-5fff-41ee-b70b-4339441685eb,Pro,2,2023-11-12,2024-11-11
b90591c5-b5b2-4afa-b361-30a7ff9ad90d,bf3064c6-5fff-41ee-b70b-4339441685eb,Pro,1,2024-11-11,2025-11-11
25829ba7-2737-4ec0-8ad9-a5dfce996df1,a530a055-756c-484c-b0e3-63a0fe831830,Starter,1,2024-01-03,2025-01-02
644cd31d-88c5-4f62-bfd3-933fff5af58f,a530a055-756c-484c-b0e3-63a0fe831830,Starter,1,2025-01-02,2026-01-02
4ab56454-52a6-4ba9-a193-5cd525eac0e9,ba83537f-877c-44ef-ab71-5a941f36c780,Starter,2,2023-08-31,2024-08-30
d3ac9de0-8ca6-4773-aa8a-113bcfda4436,b7134d8b-ce3b-4b73-9781-73fd2f312221,Starter,3,2024-05-12,2025-05-12
44c574f1-47ea-47f0-a0b4-c2ea90157791,04f32932-0f77-40c0-a2e8-b422e84455e6,Pro,1,2023-07-24,2024-07-23
27525a2a-6f49-4b1c-a2e8-a0c3496b6a65,04f32932-0f77-40c0-a2e8-b422e84455e6,Pro,1,2024-07-23,2025-07-23
a6338acd-9a85-49da-a690-38980ccb1827,04f32932-0f77-40c0-a2e8-b422e84455e6,Pro,1,2025-07-23,2026-07-23
22b3cc01-6fea-4cd5-80e5-8a8e01d07ac4,ce281b0b-348b-48ce-ae1b-57a18233c3ad,Pro,2,2023-09-25,2024-09-24
6598c6da-17e8-4e8e-b708-840877582992,ce281b0b-348b-48ce-ae1b-57a18233c3ad,Pro,2,2024-09-24,2025-09-24
3f288566-0c2d-42ce-82cd-44b44601561d,16f9baef-95ca-4c36-85ee-84878582e9f9,Starter,1,2023-07-10,2024-07-09
b0953c35-cad7-4385-8a99-6bdc4ff3839c,16f9baef-95ca-4c36-85ee-84878582e9f9,Starter,1,2024-07-09,2025-07-09
145a3358-aff9-4bd1-a26e-0ef0d06767f4,a8febe4b-ba7d-4f68-8e86-6a0e44e9de9b,Starter,2,2024-02-17,2025-02-16
f04ffa9b-8e85-46b7-8a2d-e25d925b1d35,a8febe4b-ba7d-4f68-8e86-6a0e44e9de9b,Starter,2,2025-02-16,2026-02-16
03bf1395-25d8-4d22-85e2-6163c145ee78,cb485075-f3f6-4d46-a7b3-d462f9d22d82,Starter,3,2023-12-19,2024-12-18
a23c690a-ebd9-43fb-9db8-cdabc8830e68,cb485075-f3f6-4d46-a7b3-d462f9d22d82,Starter,3,2024-12-18,2025-12-18
4deeebe9-69da-442d-a198-2e7fc1ed18f4,cb485075-f3f6-4d46-a7b3-d462f9d22d82,Pro,3,2025-12-18,2026-12-18
328d63ae-7f62-4d01-bffe-3e1a9d400776,f76e85cb-0250-4e48-83a9-253f988613f4,Starter,2,2023-07-28,2024-07-27
9ca8d5d9-ede6-48ae-b2e1-b1c460436ac8,f76e85cb-0250-4e48-83a9-253f988613f4,Starter,1,2024-07-27,2025-07-27
13d89d2d-13d1-4ef3-8ba9-4e842cf0572b,364eaa4a-a773-4c78-a519-8e61510e3e51,Starter,1,2023-07-08,2024-07-07
cead7b56-d113-4960-8055-f188741e2176,364eaa4a-a773-4c78-a519-8e61510e3e51,Starter,1,2024-07-07,2025-07-07
23369d26-b004-49a2-819a-55cb821b4419,364eaa4a-a773-4c78-a519-8e61510e3e51,Pro,1,2025-07-07,2026-07-07
c7e2e3ec-8fc5-47ee-9d5e-503e0d12506c,986ac432-4baf-4492-9a6c-7a9f8801dd08,Pro,1,2023-03-25,2024-03-24
ab86256c-9bdd-4d12-b090-0a8e88f4942d,986ac432-4baf-4492-9a6c-7a9f8801dd08,Pro,1,2024-03-24,2025-03-24
52770289-aa42-4a4e-9aa9-11b8a15f2b44,986ac432-4baf-4492-9a6c-7a9f8801dd08,Pro,1,2025-03-24,2026-03-24
6b6d9565-58bf-4a90-8046-3c77281c4eb9,1942c96a-9356-44a6-a3fd-3b4fb305cd9c,Starter,1,2024-01-01,2024-12-31
946cd17f-6a52-493c-96d3-98ee082cf20e,1942c96a-9356-44a6-a3fd-3b4fb305cd9c,Starter,1,2024-12-31,2025-12-31
fa18e4f0-28c9-4158-aa42-e944a5cfa1fd,1942c96a-9356-44a6-a3fd-3b4fb305cd9c,Starter,1,2025-12-31,2026-12-31
d3ddced9-361e-47a5-999a-bc86978a484c,e1ad1d1d-d5d9-412c-b76c-c837628642bb,Starter,2,2024-06-24,2025-06-24
9feae956-92cc-4a5c-8aa1-c99292592a30,e1ad1d1d-d5d9-412c-b76c-c837628642bb,Starter,2,2025-06-24,2026-06-24
f9cddaea-a360-4eb5-98bf-eeb9584f31c6,e7642222-7eba-400b-9628-a3b450859671,Starter,1,2023-07-15,2024-07-14
5518a2e9-edb4-4a6e-8530-18c7877026f1,e7642222-7eba-400b-9628-a3b450859671,Starter,1,2024-07-14,2025-07-14
dea80d12-e367-4de1-a8bf-48dca4ecdcd5,e7642222-7eba-400b-9628-a3b450859671,Pro,1,2025-07-14,2026-07-14
ae2f4174-b2b2-42c4-ba64-06bc1e3a540a,ca9c8d99-b88c-4cf2-ab40-a61159c15fa3,Pro,3,2023-12-01,2024-11-30
2740edec-3ba0-41b4-92e8-b5700c42dad9,ca9c8d99-b88c-4cf2-ab40-a61159c15fa3,Pro,3,2024-11-30,2025-11-30
ad156ffd-5705-4dce-ae06-9d1df4788d29,ca9c8d99-b88c-4cf2-ab40-a61159c15fa3,Pro,3,2025-11-30,2026-11-30
09b19b2d-854c-4adc-b1e2-ef7afe97f718,be61f311-77ca-4b84-8f57-8b850ce71061,Starter,2,2024-01-09,2025-01-08
05e32f5d-3193-4a3d-b222-145c1d257fc1,fc7191db-d7c5-4115-a7e2-72441dc594fc,Starter,2,2023-07-31,2024-07-30
d811c326-8f9f-45c0-88c5-f07be4e6f684,fc7191db-d7c5-4115-a7e2-72441dc594fc,Starter,2,2024-07-30,2025-07-30
e49fe412-1672-4564-afdf-405e94744fa0,fc7191db-d7c5-4115-a7e2-72441dc594fc,Starter,2,2025-07-30,2026-07-30
f5620563-da49-441f-ba51-9150459b35d6,cca42edb-a52b-433a-bd69-d675cf51fcb9,Starter,3,2023-11-26,2024-11-25
d6fa72e5-d51f-454c-96c0-9be50ac6dfd5,cca42edb-a52b-433a-bd69-d675cf51fcb9,Pro,3,2024-11-25,2025-11-25
7e717fe8-559c-49df-b21a-e6de65149e31,cca42edb-a52b-433a-bd69-d675cf51fcb9,Pro,3,2025-11-25,2026-11-25
422768c9-5e16-46a1-96f3-c6766e75ff7d,ab06d9ab-ae93-419f-a756-897ee26c5cd8,Starter,1,2023-11-12,2024-11-11
c2f54683-c431-4c66-9fae-9fa9f817e4e7,ab06d9ab-ae93-419f-a756-897ee26c5cd8,Starter,1,2024-11-11,2025-11-11
5aa7c80c-a19d-4c54-8727-0aa3c4981d28,ab06d9ab-ae93-419f-a756-897ee26c5cd8,Starter,1,2025-11-11,2026-11-11
f55c2017-a1e6-4f37-8548-8d37032412e6,c1ba7e75-3d1a-4339-b49e-5fa21d53a13d,Starter,3,2023-12-09,2024-12-08
65e1349a-b63d-48a8-bafd-559382021ebf,c1ba7e75-3d1a-4339-b49e-5fa21d53a13d,Starter,3,2024-12-08,2025-12-08
bdf872c4-9d7a-46e4-9537-2d0aa7f63548,c1ba7e75-3d1a-4339-b49e-5fa21d53a13d,Pro,3,2025-12-08,2026-12-08
200f6548-7916-4e61-8708-b969e7f9f22f,c0e7cffb-f0ac-4452-bc17-af7c4406064a,Starter,3,2023-07-16,2024-07-15
ca3825e4-6301-46a4-823e-048ea9f0d796,f4b033e2-0826-481e-bda9-edc0666028e1,Pro,2,2024-01-20,2025-01-19
bddd5e19-7f10-4be9-8231-86024e9dd475,f4b033e2-0826-481e-bda9-edc0666028e1,Pro,2,2025-01-19,2026-01-19
9416c05e-19e5-4b84-82c4-4dfa39fca96a,2337eb6a-c644-4d07-bc40-3b1cd0c6d11d,Pro,3,2023-06-16,2024-06-15
8e7fc2bc-147a-421d-9415-b74b805a8588,2337eb6a-c644-4d07-bc40-3b1cd0c6d11d,Pro,3,2024-06-15,2025-06-15
7085948a-7a9d-4110-b77d-d7928a52dc25,2337eb6a-c644-4d07-bc40-3b1cd0c6d11d,Pro,3,,
a6077925-7064-4674-943a-3ec2aeb33374,6557941c-8666-4e55-ac4c-f57d9b6656ad,Pro,3,2024-01-22,2025-01-21
25832aeb-93d5-44f4-88c2-4e6b5b7dde33,6557941c-8666-4e55-ac4c-f57d9b6656ad,Pro,2,2025-01-21,2026-01-21
028630f6-95fe-44d6-92bd-4a1bfb4c4bb1,95fe3dcc-c8c9-4ec4-aefc-60a8371052f0,Pro,2,2023-12-02,2024-12-01
e6bb9106-8b08-4c59-a1ed-75f7e8f96fb5,95fe3dcc-c8c9-4ec4-aefc-60a8371052f0,Pro,1,2024-12-01,2025-12-01
fb9de188-c2f7-4a50-8f14-a27331a168ca,a7fbd26d-218a-412c-abe6-d58398a143f9,Starter,3,2023-12-25,2024-12-24
cffee761-6458-468a-a94e-15de4b9df02d,a7fbd26d-218a-412c-abe6-d58398a143f9,Starter,3,2024-12-24,2025-12-24
f7a4365a-b989-493e-b078-1cc82dcae212,a7fbd26d-218a-412c-abe6-d58398a143f9,Starter,3,2025-12-24,2026-12-24
f4e736bc-1088-4939-89b5-36a9d1bd25a1,7797ba6c-0ef9-4a29-9e12-4dfaa75512c7,Pro,3,2024-03-15,2025-03-15
afef0fbf-2c85-4a89-b04c-03f8e27552bd,7797ba6c-0ef9-4a29-9e12-4dfaa75512c7,Pro,3,2025-03-15,2026-03-15
744f3c59-e706-49b3-bf74-38e37965a6b1,50a25661-616e-40fc-a69d-265baad7091f,Starter,1,2023-06-26,2024-06-25
07f4ca72-28c4-4d72-b8d4-452238bfefd9,50a25661-616e-40fc-a69d-265baad7091f,Pro,1,2024-06-25,2025-06-25
0aca510c-f927-4a2d-8d5d-c922d7e43f56,50a25661-616e-40fc-a69d-265baad7091f,Pro,3,2025-06-25,2026-06-25
120b5aaa-9fc7-4bbc-8d07-6b64959af424,6cc589f7-787e-4f8f-b7a3-59f0d38b2cc1,Pro,3,2023-05-09,2024-05-08
cfd19973-1e60-442b-93ab-e1c247a2264d,a6abd397-07ba-496f-9d54-910da8e44335,Pro,3,2023-04-27,2024-04-26
67589c98-c9b9-4d4a-9295-1360f270e3c9,a6abd397-07ba-496f-9d54-910da8e44335,Pro,3,2024-04-26,2025-04-26
640af986-89bc-4f9c-8531-7473c9ebe781,a6abd397-07ba-496f-9d54-910da8e44335,Pro,2,2025-04-26,2026-04-26
78f65fab-2a32-45bd-a68c-6cc74a07d6db,ffb389f4-4b99-473f-b14a-3c9ce8ef0d61,Starter,1,2023-02-14,2024-02-14
64aba402-b1ae-4c9f-bf13-a947bf3b9153,ffb389f4-4b99-473f-b14a-3c9ce8ef0d61,Starter,1,2024-02-14,2025-02-13
515e6502-7254-4258-8415-5b428856b6ff,ffb389f4-4b99-473f-b14a-3c9ce8ef0d61,Starter,1,2025-02-13,2026-02-13
6841418b-bbd5-45b7-ad9b-9dad42182336,8a2f0e8b-7916-4696-8d83-4c183495fbf9,Starter,1,2023-06-12,2024-06-11
4a0ae2ab-7151-44ae-bd78-05f11624f684,8a2f0e8b-7916-4696-8d83-4c183495fbf9,Pro,1,2024-06-11,2025-06-11
fb308844-53bf-4887-88c4-2b7227b01f56,8a2f0e8b-7916-4696-8d83-4c183495fbf9,Pro,1,2025-06-11,2026-06-11
a29fccae-ab75-4f4b-a0dc-42b0d3a1dd0b,71cf9977-1997-45a5-92df-fea91f053acf,Pro,2,2023-07-22,2024-07-21
52249e6b-ef3d-4754-bd8f-8cf51513f975,71cf9977-1997-45a5-92df-fea91f053acf,Pro,2,2024-07-21,2025-07-21
fa02d577-346c-4a54-8947-b57a260c86c1,71cf9977-1997-45a5-92df-fea91f053acf,Pro,2,2025-07-21,2026-07-21
82facdb9-0f34-4cc6-8c70-b02b986abef8,8e9a859f-62c4-4acc-bbe8-bc1cbcc1342d,Starter,2,2023-04-02,2024-04-01
710b0228-e676-49c7-8fe5-0fd3fee989d0,8e9a859f-62c4-4acc-bbe8-bc1cbcc1342d,Starter,2,2024-04-01,2025-04-01
ac5f7846-7728-4288-9dcc-b796f8d08fd7,80fa709c-9575-4a15-bfc0-9f252f443c4a,Pro,1,2023-06-28,2024-06-27
b6de4cf7-285e-438c-96f8-4b7a11dc6d1c,9a6537eb-7787-404b-ae68-222bd74057ee,Pro,3,2023-09-29,2024-09-28
a3d72eb4-fe36-4660-9105-28e2a4c211a8,9a6537eb-7787-404b-ae68-222bd74057ee,Pro,2,2024-09-28,2025-09-28
92b683d0-566d-4b41-a39a-6c163f815802,9a6537eb-7787-404b-ae68-222bd74057ee,Pro,2,2025-09-28,2026-09-28
71eabc2a-53d4-4859-a270-0a64e59223e1,a1cd9b1d-1483-4f5b-bb0b-7d4f9afda7fa,Pro,2,2023-08-06,2024-08-05
b5b0a6fd-6024-46e3-9573-6937b6adc15f,a1cd9b1d-1483-4f5b-bb0b-7d4f9afda7fa,Pro,2,2024-08-05,2025-08-05
b33a8585-29fc-4ba6-9f13-b19781be1b47,a1cd9b1d-1483-4f5b-bb0b-7d4f9afda7fa,Pro,2,2025-08-05,2026-08-05
79e00381-e597-4c72-bf86-2e0f47517c19,27c5a3df-8592-49df-acc4-3f6082baf8be,Pro,2,2023-11-26,2024-11-25
082957e8-d56b-4047-891b-71d05efecbe9,27c5a3df-8592-49df-acc4-3f6082baf8be,Pro,2,2024-11-25,2025-11-25
f7affdd1-3f22-450b-95eb-7bdff44a97bc,27c5a3df-8592-49df-acc4-3f6082baf8be,Pro,2,2025-11-25,2026-11-25
d67f4c00-a7e6-4c63-8ce3-7f63f882fc40,8fcca193-10b3-4b23-a9be-737d63c2a80a,Starter,1,2023-03-14,2024-03-13
935cdbe5-3906-4b32-ab6a-ba94a3e81ccc,8fcca193-10b3-4b23-a9be-737d63c2a80a,Starter,1,2024-03-13,2025-03-13
a0fb76ae-68b5-45f9-a1df-b9a748f39ab8,3dc68657-f481-4d25-a3f8-4a1e723d390b,Starter,3,2023-07-12,2024-07-11
b606022c-32a8-4391-9d7e-45a368ad9e27,3dc68657-f481-4d25-a3f8-4a1e723d390b,Starter,3,2024-07-11,2025-07-11
f58dd8a0-f5b9-4613-90b3-d4e03e1f708d,3dc68657-f481-4d25-a3f8-4a1e723d390b,Starter,3,2025-07-11,2026-07-11
3b26ab76-7fa3-4874-a63f-4e9464a77857,defd6865-41c3-4245-a750-d2c1074f81f8,Pro,1,2023-04-14,2024-04-13
29288998-2cc1-4a7f-a55b-3dc47ecd2b3e,defd6865-41c3-4245-a750-d2c1074f81f8,Pro,3,2024-04-13,2025-04-13
94d7f5b9-f80e-4437-8612-65713f898239,7fb5c66e-fd64-4b7d-9313-50f19f471f67,Pro,1,2023-06-21,2024-06-20
7f70c25b-e593-4968-92f1-653e02aec761,7fb5c66e-fd64-4b7d-9313-50f19f471f67,Pro,1,2024-06-20,2025-06-20
7da86f62-dccb-471c-a895-f6405cb445c6,7fb5c66e-fd64-4b7d-9313-50f19f471f67,Pro,3,2025-06-20,2026-06-20
cf6174bf-2f9a-47cd-a0ec-b7576dd3f545,2451b500-8ac3-438b-b8c1-db1ba17f32c0,Pro,2,2023-04-22,2024-04-21
47133737-1e47-4ec1-95c6-6e3c8d1ea2c0,2451b500-8ac3-438b-b8c1-db1ba17f32c0,Pro,2,2024-04-21,2025-04-21
bfbd403f-2a4b-413e-a72b-5db6b18ea481,2451b500-8ac3-438b-b8c1-db1ba17f32c0,Pro,4,2025-04-21,2026-04-21
eedcb9d0-7a41-47fc-9b84-6eaebe1ea2f6,69eb56d1-30b9-487a-b83b-3e6f93bc2472,Starter,3,2023-09-08,2024-09-07
e881591a-f755-41d8-a606-31cf896c79d1,69eb56d1-30b9-487a-b83b-3e6f93bc2472,Starter,3,2024-09-07,2025-09-07
7bd58d1a-8304-4db2-b1b2-405b17373b8f,69eb56d1-30b9-487a-b83b-3e6f93bc2472,Starter,3,2025-09-07,2026-09-07
c72bafa5-7592-4fb4-b9eb-41b10067edff,947452d8-912c-4365-b42a-1d61e5a31618,Pro,3,2023-07-09,2024-07-08
d37f20fe-ac6f-43e9-b8ea-e9a3400f3fe7,947452d8-912c-4365-b42a-1d61e5a31618,Pro,5,2024-07-08,2025-07-08
3118fda8-e641-46f2-8aca-b184729836f9,947452d8-912c-4365-b42a-1d61e5a31618,Pro,7,2025-07-08,2026-07-08
7ad3de6a-e259-4b80-84d7-0301ca226dc5,dc197dce-0f77-4f6b-8e24-61a0241c762c,Starter,2,2023-06-06,2024-06-05
f91ec3c2-e77f-40a5-9679-e4b021af5a3e,dc197dce-0f77-4f6b-8e24-61a0241c762c,Starter,2,2024-06-05,2025-06-05
d8c3ebd3-6aba-467c-abb8-f9e2ddad9edb,dc197dce-0f77-4f6b-8e24-61a0241c762c,Starter,2,2025-06-05,2026-06-05
366b89d5-1b2c-45f1-b5c9-0bce2abfcd37,45e76d99-2a7c-4015-8e2a-874a5f084624,Pro,3,2024-04-08,2025-04-08
d7283497-a3cd-4f9e-82d8-61b88a262d8b,45e76d99-2a7c-4015-8e2a-874a5f084624,Pro,3,2025-04-08,2026-04-08
9545ca0f-c7bc-44d5-b409-9020f0b7a324,ecf0c5a6-777b-4739-85a4-ae2f4b7f0cb7,Pro,1,2024-02-10,2025-02-09
57d4d475-35e5-4a4d-8d33-262fdd4aa80c,d1a13d70-34fb-4131-b3a2-ed8846b83b27,Pro,3,2023-05-30,2024-05-29
7811a16f-9b32-413e-a95c-270c0e20e8ad,d1a13d70-34fb-4131-b3a2-ed8846b83b27,Pro,2,2024-05-29,2025-05-29
c57206d5-96cb-4224-9c24-e1516db75409,d1a13d70-34fb-4131-b3a2-ed8846b83b27,Pro,2,2025-05-29,2026-05-29
4ab46fbd-5617-486d-817f-b8d8aed5d091,ae6b4389-77b0-4097-93d6-73903549b1fe,Starter,1,2023-11-08,2024-11-07
c3d5c98c-0eca-402a-bdb1-36ba24835c8d,09051c1e-a9eb-4164-88a2-e5cae4ad781e,Starter,3,2024-02-04,2025-02-03
f88f9afb-c1e9-45e7-bd7c-460807a7cc8a,09051c1e-a9eb-4164-88a2-e5cae4ad781e,Starter,3,2025-02-03,2026-02-03
fef1754c-cc54-4c44-a3d4-9b9ff64931c7,f599586a-3f83-400f-9d14-5683f5a6bd42,Starter,3,2023-11-12,2024-11-11
8069e018-17df-4927-8c8c-dcdaaccc601d,f599586a-3f83-400f-9d14-5683f5a6bd42,Starter,2,2024-11-11,2025-11-11
73452971-3daf-49e5-90c9-33ba0a73b101,f599586a-3f83-400f-9d14-5683f5a6bd42,Starter,2,2025-11-11,2026-11-11
dec252fa-fbf6-43de-a1de-05524e65d0d8,81734a63-25a1-4cf1-afc0-8f6e33d3a4b7,Starter,3,2024-01-15,2025-01-14
ea7a8bb4-ed6f-42f9-9a9e-07e78fb734ef,81734a63-25a1-4cf1-afc0-8f6e33d3a4b7,Starter,3,2025-01-14,2026-01-14
ec6beb9a-aebe-4bce-b31a-3702c2581656,e2b95164-2a80-4a77-a367-83a2437ffa6d,Starter,2,2023-09-12,2024-09-11
eb27054f-a369-4e7e-be79-a65038c75098,e2b95164-2a80-4a77-a367-83a2437ffa6d,Starter,2,2024-09-11,2025-09-11
6388d904-8f62-473d-942e-67bafc0d749f,e2b95164-2a80-4a77-a367-83a2437ffa6d,Starter,2,2025-09-11,2026-09-11
1edc0e52-5e20-4461-9922-d203ee432820,1dd6732f-859a-404c-a7f4-cf6d0af7aec6,Starter,1,2023-06-02,2024-06-01
fc1fc9e7-0f7f-4baa-be63-24d32c33023d,1dd6732f-859a-404c-a7f4-cf6d0af7aec6,Starter,1,2024-06-01,2025-06-01
0b9eef6f-764a-4605-a946-909f7063d20a,1dd6732f-859a-404c-a7f4-cf6d0af7aec6,Starter,1,2025-06-01,2026-06-01
d0960844-52ee-480c-a111-37fbd6dcdcb0,fedb2366-bf36-464d-a023-df6daccbc735,Starter,1,2023-11-04,2024-11-03
0a3083e1-0a95-4e09-a212-3af79499d39a,fedb2366-bf36-464d-a023-df6daccbc735,Starter,1,2024-11-03,2025-11-03
8745d16a-6f8c-4ed3-9919-443e3c9ef1fe,db87e51f-a504-404d-9278-e16b21c66da4,Pro,3,2024-01-24,2025-01-23
5960a4f5-9731-47a2-ab73-52298d5fa98f,db87e51f-a504-404d-9278-e16b21c66da4,Pro,2,2025-01-23,2026-01-23
46fb0b03-b4ca-4855-8827-96ab62f99326,f4541977-8e91-47d7-840d-17759bb5d4ab,Pro,2,2023-09-24,2024-09-23
cca6802a-c5da-4778-afa0-4e80a4ca95be,f4541977-8e91-47d7-840d-17759bb5d4ab,Pro,2,2024-09-23,2025-09-23
429dcdcd-8909-42fd-a0e3-12c1f151b663,f4541977-8e91-47d7-840d-17759bb5d4ab,Pro,4,2025-09-23,2026-09-23
c7e000d7-a992-45bb-91ac-32e8c5767cd1,e8be86a7-85ab-4762-a01a-6139c3b92813,Pro,1,2023-11-15,2024-11-14
4f8a184e-fb32-48cb-98ea-e3174e54ef43,e8be86a7-85ab-4762-a01a-6139c3b92813,Pro,1,2024-11-14,2025-11-14
b53e26ae-a251-4f12-81e0-895cb6123527,e8be86a7-85ab-4762-a01a-6139c3b92813,Pro,1,2025-11-14,2026-11-14
c80a4ae5-5e03-4f2e-9c6f-949597e1195f,773a569e-101f-4316-8c55-6b865f3d7880,Starter,3,2023-12-18,2024-12-17
a6f82eee-19c7-4917-b7b3-44c0990c5614,43dc7d77-1fff-4ca4-a774-23a5e287aacc,Pro,1,2023-10-30,2024-10-29
9cc1ab65-5e6e-4174-8906-137d58c0d82f,43dc7d77-1fff-4ca4-a774-23a5e287aacc,Pro,1,2024-10-29,2025-10-29
83a39f74-1c2d-4041-9a32-d58ad7f8da53,43dc7d77-1fff-4ca4-a774-23a5e287aacc,Pro,1,2025-10-29,2026-10-29
da198960-27c2-4299-864d-f65afd152a95,00e1143f-3c65-425f-a074-a14dd7780d18,Starter,2,2024-05-31,2025-05-31
8be5bc47-f9b6-4c2a-a3a6-210fcf931c1d,00e1143f-3c65-425f-a074-a14dd7780d18,Starter,2,2025-05-31,2026-05-31
7c6187f7-ad64-4555-b6df-2d768fbcfd02,18209ded-d82a-48df-8aec-a7c215f1d65e,Pro,3,2024-05-26,2025-05-26
27cb908d-f1d5-49c8-96da-2e3b63e40e1e,18209ded-d82a-48df-8aec-a7c215f1d65e,Pro,3,,
1889435e-49de-490b-80e5-4d6466c59233,41751543-09f0-4b6a-accd-3bf24c8872f2,Pro,1,2023-08-02,2024-08-01
75b597df-0880-4a4b-a8f8-778f279af521,41751543-09f0-4b6a-accd-3bf24c8872f2,Pro,1,2024-08-01,2025-08-01
c1f2f7cd-5f5b-43cb-bf13-02dc4e8a34a0,41751543-09f0-4b6a-accd-3bf24c8872f2,Pro,1,2025-08-01,2026-08-01
061ac9dc-b6f4-408f-92e7-283f4429effc,fa2a9fdc-871e-457e-9698-7c2b67dc883e,starter,1,2023-09-06,2024-09-05
6f09d974-f18b-475e-917d-a0dbfde709b0,5affd0da-c9b3-4344-9b66-59817139d51a,Starter,3,2024-01-16,2025-01-15
4f5230bf-1ce4-434c-be7b-81158a79be23,5affd0da-c9b3-4344-9b66-59817139d51a,Starter,3,2025-01-15,2026-01-15
2b27ab8b-f441-4ca3-a79e-bded30cb2ae2,4e715653-38c0-426e-bd63-99689516753c,Pro,1,2024-01-10,2025-01-09
f42850e3-742c-4aa9-9bec-bba4e392f599,4e715653-38c0-426e-bd63-99689516753c,Pro,1,2025-01-09,2026-01-09
a6a8c404-9eec-4ffa-a584-90bb3d856553,2bc39289-1666-4f5d-a721-cee4c09011cd,Starter,2,2023-11-21,2024-11-20
6913fddf-971d-4f09-8e74-73da8a72c314,2bc39289-1666-4f5d-a721-cee4c09011cd,Starter,2,2024-11-20,2025-11-20
b175ea4c-f981-4ea8-a4fc-c556fb01f3ea,2bc39289-1666-4f5d-a721-cee4c09011cd,Starter,1,2025-11-20,2026-11-20
fb825edd-2994-44d3-a3e5-2757ed61db5b,461a05f1-0f13-42de-9480-133c9b8f068f,Starter,2,2023-04-23,2024-04-22
c332a3a1-a4bb-4b30-9ba1-cbdf15831949,0fafa927-05d8-4be6-93bb-7307bc29366e,starter,2,2024-01-02,2025-01-01
e73e2433-707f-46c8-a7d3-b91a826eae51,0fafa927-05d8-4be6-93bb-7307bc29366e,Pro,2,2025-01-01,2026-01-01
fe238ee3-3615-4397-bfff-b1b2d4f6db4d,d0bc85ff-0ea8-47e5-9d68-240a37803e46,Starter,3,2023-09-12,2024-09-11
c4296a8e-9029-4c5b-b450-57f272d2be78,d0bc85ff-0ea8-47e5-9d68-240a37803e46,Starter,3,2024-09-11,2025-09-11
e7ced6e1-8f1b-4123-a9c1-6b5699fe654d,d0bc85ff-0ea8-47e5-9d68-240a37803e46,Starter,3,2025-09-11,2026-09-11
e5085c97-c19c-4f3b-8289-49977937b3c5,e20ea584-6ac7-407a-bead-8f5aa933e74b,Pro,3,2024-03-21,2025-03-21
c459502f-ec32-418f-a903-c0360b71e5dd,e20ea584-6ac7-407a-bead-8f5aa933e74b,Pro,3,2025-03-21,2026-03-21
1d36f567-2a82-4dd8-9f11-f39ef961f3b7,6a2e49e5-92ba-48b1-9fee-eb2ff7748394,Starter,3,2024-05-28,2025-05-28
2cb48cfb-a2a8-43e8-bcf2-f8af067b575b,6a2e49e5-92ba-48b1-9fee-eb2ff7748394,Starter,3,2025-05-28,2026-05-28
6d64bdc1-50fc-4f48-8a20-d9bb312868b6,f1dbaef1-f3e6-4645-8d13-99487b4a8251,Starter,3,2024-02-13,2025-02-12
2d814174-bd44-422a-9307-3d6a9a91755f,f1dbaef1-f3e6-4645-8d13-99487b4a8251,Starter,3,2025-02-12,2026-02-12
02c14e86-01fd-4ac6-b4e2-51f1a4b04741,cc920654-073d-468a-b8b7-bead68d3edbc,Starter,2,2023-09-12,2024-09-11
e89415fb-97fb-4732-b114-fba2a10c7f40,cc920654-073d-468a-b8b7-bead68d3edbc,Starter,2,2024-09-11,2025-09-11
69f8bf08-ccc2-4cb4-80a9-8e18f1cad21a,cc920654-073d-468a-b8b7-bead68d3edbc,Pro,2,2025-09-11,2026-09-11
df0696c6-a48e-4bad-a312-7f8241200498,4217f322-7415-414b-83fc-0228abf4678f,Pro,3,2023-12-15,2024-12-14
54b60481-0d5e-4029-a33c-86ba187754da,4217f322-7415-414b-83fc-0228abf4678f,Pro,3,2024-12-14,2025-12-14
4a0164f0-efdc-4cdd-9d0b-95d10643e4cb,4217f322-7415-414b-83fc-0228abf4678f,Pro,3,2025-12-14,2026-12-14
92ff5299-1964-4b69-ad66-6b3d9b9ad579,491d2843-2f41-469c-a8b0-b3d569c2aa9b,Starter,2,2024-04-30,2025-04-30
5b297e4d-17ae-4872-8b69-9f411052dd56,491d2843-2f41-469c-a8b0-b3d569c2aa9b,Starter,1,2025-04-30,2026-04-30
9fbb55a7-f162-429e-819d-c69bda94de0d,f7bd766f-d1b0-4576-88b2-f7f0a162fa89,Pro,1,2023-11-26,2024-11-25
8b69b4fd-a1d0-4a1e-bcde-82f99e56fc67,aaa5614b-b738-4019-8e7b-8a1ecc707a6d,Pro,3,2023-12-28,2024-12-27
c6727757-83dc-4ada-a587-48995f918033,148f6ac9-10df-4e6f-9b0c-f48c720f0368,Starter,3,2023-12-30,2024-12-29
86058dc2-3eaa-4d98-af65-b5b85b2d9f5a,148f6ac9-10df-4e6f-9b0c-f48c720f0368,Starter,3,2024-12-29,2025-12-29
9993b2a9-0b30-4a2a-b67d-75bff93754ce,148f6ac9-10df-4e6f-9b0c-f48c720f0368,Starter,3,2025-12-29,2026-12-29
e9d404d7-717c-420c-94e6-03c601f2c875,a9b827a9-af09-4fb4-aeb8-441aa6d2ca11,Pro,1,2023-10-02,2024-10-01
bd0863af-2241-47a5-a82e-7fba47c25353,a9b827a9-af09-4fb4-aeb8-441aa6d2ca11,Pro,1,2024-10-01,2025-10-01
e5a0967a-cfbc-4a04-acd3-cce1f98b57cf,baf878c4-8762-4888-92ed-b457cc05bde7,Pro,3,2023-12-16,2024-12-15
9292ddb3-a597-4caf-b405-e643af333e74,baf878c4-8762-4888-92ed-b457cc05bde7,Pro,5,2024-12-15,2025-12-15
78fcc346-24db-4019-ba55-6c19be7bd001,baf878c4-8762-4888-92ed-b457cc05bde7,Pro,5,2025-12-15,2026-12-15
e1132ea5-42e1-4751-8370-da8a3fcd565b,d3d90973-1666-4653-9e01-1fb0df630862,Starter,1,2023-09-25,2024-09-24
05e37193-e7d0-4c33-8875-7bbbe1746c96,d3d90973-1666-4653-9e01-1fb0df630862,Starter,1,2024-09-24,2025-09-24
c9187779-e4f2-45f2-8a7d-a8461cfae2e7,d3d90973-1666-4653-9e01-1fb0df630862,Starter,1,2025-09-24,2026-09-24
df68a26d-b54a-43ed-9404-b63e9c8755fe,a843ba40-1116-4604-a955-b326807be6fa,Starter,1,2023-05-18,2024-05-17
0254be57-f26b-4ea8-b7ea-f89ac170d65f,a843ba40-1116-4604-a955-b326807be6fa,Starter,1,2024-05-17,2025-05-17
880709fb-dcf4-4a68-8d34-6d6d47ca9cce,a843ba40-1116-4604-a955-b326807be6fa,Starter,1,2025-05-17,2026-05-17
3c4bd5b7-bc89-4e10-af68-4dd7c3c61f89,608e12e1-f683-4706-922c-1da596d7742c,Starter,1,2024-02-21,2025-02-20
bcc720c4-245c-4026-92d2-95778588fcfb,608e12e1-f683-4706-922c-1da596d7742c,Pro,1,2025-02-20,2026-02-20
56b7143b-25f8-495a-b8a2-989ebcf34527,e4c85eb7-8592-4684-810b-d350f115e2f8,Pro,1,2024-02-06,2025-02-05
3906f6e5-37bf-454c-991b-f2226a08b798,e4c85eb7-8592-4684-810b-d350f115e2f8,Pro,1,2025-02-05,2026-02-05
ba593a69-d0c5-470e-a56a-7111f3dd404d,169d702b-3a51-41c6-9d95-02241a335fdc,Pro,1,2023-09-03,2024-09-02
e3c02a6d-bdd6-44cc-8d8e-fd73d5b440d7,169d702b-3a51-41c6-9d95-02241a335fdc,Pro,1,2024-09-02,2025-09-02
01da8bb6-0e00-4e81-9427-2759bbea6135,169d702b-3a51-41c6-9d95-02241a335fdc,Pro,1,2025-09-02,2026-09-02
cfb9afe2-6c4a-4d21-a31e-52b003104b24,20c6d8e2-a9a8-4680-a698-cc29a4e9d685,Starter,1,2023-12-29,2024-12-28
45ee3300-1516-4c5e-90bc-096aa5b7772c,20c6d8e2-a9a8-4680-a698-cc29a4e9d685,Starter,1,2024-12-28,2025-12-28
9adce1e2-2940-432f-a418-e01cd2c63ef9,20c6d8e2-a9a8-4680-a698-cc29a4e9d685,starter,1,2025-12-28,2026-12-28
f5fa437e-8f8f-4409-af1f-ff6e0b6ad2ea,ce58784c-eae8-4c14-aa79-05370be04166,Pro,0,2023-03-29,2024-03-28
55b8b137-a353-4d71-887a-faf306e40670,ce58784c-eae8-4c14-aa79-05370be04166,Pro,1,2024-03-28,2025-03-28
1f0cddd9-b4f7-4f9c-9247-5892736f826d,ce58784c-eae8-4c14-aa79-05370be04166,Pro,1,2025-03-28,2026-03-28
aaf16531-7bbb-4ff4-96fd-8b71be147b16,5731a2d0-bff9-4a8e-b04e-0fca10c671d2,Starter,1,2023-08-14,2024-08-13
8cbe668b-2a70-4242-a313-61571d5e2594,5731a2d0-bff9-4a8e-b04e-0fca10c671d2,Starter,1,2024-08-13,2025-08-13
7ce5da80-c291-4074-994a-7d4fcde0ed05,5731a2d0-bff9-4a8e-b04e-0fca10c671d2,Starter,1,2025-08-13,2026-08-13
708d37be-4567-4b01-8ccf-0f0b142862f2,e43c256a-05de-4c2a-b0ce-e7e266afa0d7,Pro,2,2023-11-15,2024-11-14
d6151bf7-d94a-4a19-8962-05ccb3018bcd,e43c256a-05de-4c2a-b0ce-e7e266afa0d7,Pro,2,2024-11-14,2025-11-14
6c855e84-58aa-4418-a814-950a6fa8a01f,e43c256a-05de-4c2a-b0ce-e7e266afa0d7,Pro,2,2025-11-14,2026-11-14
6cdd44e3-b553-4d43-a388-ab4d855c225d,b91542a8-469b-4f2d-a0be-9046e8347b20,Pro,1,2023-12-29,2024-12-28
e6b02001-b27c-403e-a285-ff143d09c716,b91542a8-469b-4f2d-a0be-9046e8347b20,Pro,1,2024-12-28,2025-12-28
0e52992c-15c5-44ad-88a7-2a3204da5827,13f8669f-8d8f-41a4-856a-79f5ab71e5cc,Starter,1,2023-07-27,2024-07-26
f12eaeb8-3c8c-49d1-b8f7-12c994e7b105,13f8669f-8d8f-41a4-856a-79f5ab71e5cc,Starter,1,2024-07-26,2025-07-26
4e1d278a-c94d-4cb9-87d2-63e4e552b5ec,13f8669f-8d8f-41a4-856a-79f5ab71e5cc,Starter,1,2025-07-26,2026-07-26
0570f3eb-6956-4198-879c-9a3fbff84a49,fd77c4d6-7ac3-4560-a0ba-c4c3bc6bbdba,Starter,2,2023-11-16,2024-11-15
2bad5cc1-bf4b-4b99-b0c2-cbe9755fb590,fd77c4d6-7ac3-4560-a0ba-c4c3bc6bbdba,Starter,1,2024-11-15,2025-11-15
85aedd9a-5978-46f8-8c96-d7da082c9570,fd77c4d6-7ac3-4560-a0ba-c4c3bc6bbdba,Starter,1,2025-11-15,2026-11-15
6363e277-03dc-427f-8a66-a39eaf935a70,3d6e754c-ef46-4d1e-b4e5-c8b65c27df5a,Pro,2,2023-09-29,2024-09-28
9b03136d-e044-4074-a301-d989ee4e06c5,3d6e754c-ef46-4d1e-b4e5-c8b65c27df5a,Pro,1,2024-09-28,2025-09-28
cf6f18a8-e977-4871-8202-8008f3ec9512,2400ad6f-ddd8-470e-bfd5-0a2147dbfbe7,Pro,1,2023-11-15,2024-11-14
e6f68d34-572f-46ec-9074-3858ee952e3a,2400ad6f-ddd8-470e-bfd5-0a2147dbfbe7,Pro,1,2024-11-14,2025-11-14
3de3e8aa-5b18-4687-81a4-5b2e096faa86,8afe10b8-e8c5-4c10-89fe-6ebf18ec9f6c,Pro,1,2023-12-01,2024-11-30
e274594d-159e-4159-834f-f4be5db992d0,8afe10b8-e8c5-4c10-89fe-6ebf18ec9f6c,Pro,1,2024-11-30,2025-11-30
ac0ca1e4-9ab6-41c1-a7d1-6bcd20a5cbae,8afe10b8-e8c5-4c10-89fe-6ebf18ec9f6c,Pro,1,2025-11-30,2026-11-30
b79ac026-9f26-4ea6-8901-6df30b98158a,0b575545-0c6c-4b20-a475-7b6fcb58ce25,Pro,3,2023-12-03,2024-12-02
b2d1ad08-9a21-44d3-bb60-106cceee7d3c,0b575545-0c6c-4b20-a475-7b6fcb58ce25,Pro,3,2024-12-02,2025-12-02
312416be-0e26-4a5f-8c97-dd4be018b543,0b575545-0c6c-4b20-a475-7b6fcb58ce25,Pro,5,2025-12-02,2026-12-02
b9b30ad6-d68f-491d-9b96-fb326b8f0fd5,bba95d25-9267-47f9-8a8c-b75ce19a73b4,Starter,1,2024-06-26,2025-06-26
6a975278-9797-450b-a0de-6098b973c38f,bba95d25-9267-47f9-8a8c-b75ce19a73b4,Starter,1,2025-06-26,2026-06-26
ba066da3-9c21-4ff9-87b6-becbcc07f676,822f586a-b737-4525-801a-eba1d9297c69,Starter,2,2023-02-25,2024-02-25
1910c766-1f91-4165-b5f8-4fd04cf03bce,822f586a-b737-4525-801a-eba1d9297c69,Starter,2,2024-02-25,2025-02-24
d3b11ec1-bca6-4208-a53b-b64e4196dfa5,822f586a-b737-4525-801a-eba1d9297c69,Starter,2,2025-02-24,2026-02-24
95be7c31-4689-4f15-89e1-689c562b92b8,734353c1-8d47-46c2-bb01-665b38e9c452,Pro,2,2023-07-31,2024-07-30
9871bb82-92b5-4081-85da-1cf18d9531c3,734353c1-8d47-46c2-bb01-665b38e9c452,Pro,2,2024-07-30,2025-07-30
668d53ab-2534-4265-8250-c5df8b854d54,734353c1-8d47-46c2-bb01-665b38e9c452,Pro,2,2025-07-30,2026-07-30
3fbd33ae-84e5-48d0-a87c-e53774181b1a,c4f455b7-113a-4b94-af34-8a6ad8eabf80,Pro,2,2023-03-02,2024-03-01
b9bdd606-ba15-4012-b8de-9e4a4f0ceba8,c4f455b7-113a-4b94-af34-8a6ad8eabf80,Pro,2,2024-03-01,2025-03-01
3bafdba7-8b77-4585-9778-7c0176a19518,c4f455b7-113a-4b94-af34-8a6ad8eabf80,Pro,2,2025-03-01,2026-03-01
6d73b015-02ab-4232-b4c9-f397e97c0d3d,6aa4fd1e-9458-4343-8e5c-350a5cd15555,Starter,2,2024-06-07,2025-06-07
ec851559-6466-465b-bfe3-f5e5d1001a8c,6aa4fd1e-9458-4343-8e5c-350a5cd15555,Starter,2,2025-06-07,2026-06-07
80c3fe17-829b-4e02-806c-f732d62fd6b1,3b35121d-c430-434d-b658-c93f2597c26e,Starter,1,2023-09-05,2024-09-04
48d2f539-37d8-44d7-af58-d6e8910d377b,3b35121d-c430-434d-b658-c93f2597c26e,Starter,1,2024-09-04,2025-09-04
3eee62d9-da77-4b10-8c16-27a3b7af85b3,3b35121d-c430-434d-b658-c93f2597c26e,Starter,1,2025-09-04,2026-09-04
06bb554e-d733-4d34-9778-f2054cfc46f8,ddcacc82-957e-4edd-8891-0e4ac610fae8,Starter,3,2023-11-29,2024-11-28
1c86bb75-c5d3-4b0e-91de-a28dd4c1c3c5,ddcacc82-957e-4edd-8891-0e4ac610fae8,Starter,3,2024-11-28,2025-11-28
b422939e-0857-4331-a8b1-0c3afbfb1fb5,ddcacc82-957e-4edd-8891-0e4ac610fae8,Pro,3,2025-11-28,2026-11-28
f8585cf8-d15e-4361-b878-55d93e779270,dc206486-4475-4809-8ce4-b76bd691a5da,Pro,3,2023-12-13,2024-12-12
306735c6-6568-48b7-bd84-18e0c9faf0d4,dc206486-4475-4809-8ce4-b76bd691a5da,Pro,5,2024-12-12,2025-12-12
42b82f3d-7277-4183-8d16-327d8fa9eb98,56641eb7-2ebd-4b7f-9609-e2ce485f56f8,Starter,3,2024-03-12,2025-03-12
796502e1-b670-474c-b36d-c3c6a6e17ed8,56641eb7-2ebd-4b7f-9609-e2ce485f56f8,Pro,3,2025-03-12,2026-03-12
0037b370-e36f-4b0d-a4aa-c715dd464071,38f281db-df16-40ab-bd94-dce0ba4dc708,Pro,3,2024-06-22,2025-06-22
93fec997-c18b-49a4-97fd-669e5eccee29,38f281db-df16-40ab-bd94-dce0ba4dc708,Pro,3,2025-06-22,2026-06-22
de55253a-66f6-4adb-b2a5-f64684b9774a,93b594c6-292d-45d8-a349-3572aad31a7d,Starter,3,2023-06-28,2024-06-27
cd967e5e-7efd-47bf-91b6-8630ffb5180f,93b594c6-292d-45d8-a349-3572aad31a7d,Starter,3,2024-06-27,2025-06-27
4c08f867-0445-4e25-8cb4-368e59d49d2d,93b594c6-292d-45d8-a349-3572aad31a7d,Starter,3,2025-06-27,2026-06-27
53e64099-1a79-433b-9e95-def8a1d6ee86,d9ff9bf7-66b5-4ef9-9ab0-935751d94e87,Pro,3,2023-11-15,2024-11-14
750646b3-c22b-4a29-b0e4-83f9d44c93ce,d9ff9bf7-66b5-4ef9-9ab0-935751d94e87,Pro,3,2024-11-14,2025-11-14
403ea518-12ce-49e3-8a31-c39fad50bed7,d9ff9bf7-66b5-4ef9-9ab0-935751d94e87,Pro,3,2025-11-14,2026-11-14
51a98e14-1bb5-4a85-988a-ab5a481011c9,51b1c789-a305-449d-b018-7cf4bb6a4a04,Pro,2,2023-05-23,2024-05-22
609691ee-87b7-4b8f-bb81-342ecc628efd,51b1c789-a305-449d-b018-7cf4bb6a4a04,Pro,2,2024-05-22,2025-05-22
7c319f61-3d1e-4b10-a3e5-12b4261b016d,51b1c789-a305-449d-b018-7cf4bb6a4a04,Pro,2,2025-05-22,2026-05-22
7e4bb391-165a-4efd-adbb-9fa4a4663e36,2c64987e-a6d3-4fe7-9b3a-535dfd0bc925,Pro,2,2023-12-15,2024-12-14
b97f33d3-d7ec-4204-a832-5eea8ad1128c,2c64987e-a6d3-4fe7-9b3a-535dfd0bc925,Pro,2,2024-12-14,2025-12-14
6cb7951a-cd31-463b-ade6-2641b35d14e0,2d902cbf-2a6d-4519-a73c-80434089da2e,Pro,3,2024-03-27,2025-03-27
0548792f-d245-45ad-97db-14d7d594c512,2d902cbf-2a6d-4519-a73c-80434089da2e,Pro,3,2025-03-27,2026-03-27
ec04adae-0c77-4052-8704-a5a514f84de6,53a9c563-aa06-4484-b95a-5ab68a49658d,Starter,1,2023-05-07,2024-05-06
3804ac08-8080-44c0-b1c7-f6f973f6cb96,53a9c563-aa06-4484-b95a-5ab68a49658d,Starter,1,2024-05-06,2025-05-06
2ee22507-79dd-4315-b341-78235e4fd74b,53a9c563-aa06-4484-b95a-5ab68a49658d,Pro,1,2025-05-06,2026-05-06
dda6febe-98f9-45bb-9975-36181510e73d,6a17ae21-87a0-4690-ac50-64345d433d28,Starter,1,2024-02-14,2025-02-13
4ebf2f32-c9a5-4c97-ada5-6981f299d601,6a17ae21-87a0-4690-ac50-64345d433d28,Starter,1,2025-02-13,2026-02-13
f8d5555d-2507-4e12-9259-fcd80888ff84,d9573bda-574e-47cc-b921-d16ba98a6c0f,Starter,1,2024-02-03,2025-02-02
122754ce-e024-482d-bed7-e17e006094f5,c9d5ae48-9634-4bde-ab53-1d5d3ec5d6f8,Starter,1,2023-08-08,2024-08-07
11fdd75b-90fe-49e0-83f5-c070d39ac0ac,28f57beb-c151-4996-b198-750e54227848,Starter,3,2023-04-29,2024-04-28
ff438fa8-eb04-42b9-bea6-6598e2490ee4,28f57beb-c151-4996-b198-750e54227848,Starter,3,2024-04-28,2025-04-28
03fedf2b-6fc7-4bc7-a276-daa77932b1eb,28f57beb-c151-4996-b198-750e54227848,Starter,3,2025-04-28,2026-04-28
5e966aad-54c3-447a-995a-1909f4deefe5,8e3c15b4-0aa0-4a71-9a31-a4e40a7468a6,Pro,3,2023-03-15,2024-03-14
826f54c1-298c-4915-8a05-19e9a7241082,8e3c15b4-0aa0-4a71-9a31-a4e40a7468a6,Pro,3,2024-03-14,2025-03-14
f6a829e4-f153-4229-ba1a-92df89a481ad,8e3c15b4-0aa0-4a71-9a31-a4e40a7468a6,Pro,5,2025-03-14,2026-03-14
d1be7b72-7ed2-43cf-b897-565ab011e966,abae2d57-d8e4-4bad-a5fa-3f4e02358465,Starter,3,2023-08-06,2024-08-05
733279f9-3dbd-432a-9a89-3205ef0e2d60,abae2d57-d8e4-4bad-a5fa-3f4e02358465,Starter,3,2024-08-05,2025-08-05
e5d64daf-1480-4ccf-9efd-03dffdc594da,632fd9a6-beac-48c5-b799-ad0d5dd950df,Starter,3,2023-12-30,2024-12-29
c3c68d86-3263-41e1-a385-ad260b9c79c7,632fd9a6-beac-48c5-b799-ad0d5dd950df,Starter,3,2024-12-29,2025-12-29
2056e087-5599-4d58-8e78-cbfc9231150c,632fd9a6-beac-48c5-b799-ad0d5dd950df,Starter,3,2025-12-29,2026-12-29
8563b8eb-6ddb-43ea-a32b-72fb0083082a,5b15e293-a1be-4368-bd0e-d21b7de95d59,Starter,3,2023-12-29,2024-12-28
c570c1fe-e6b9-4b3f-807a-0c0efe4c4f02,5b15e293-a1be-4368-bd0e-d21b7de95d59,Starter,3,2024-12-28,2025-12-28
52391e3c-77dd-44ff-a800-804542ee6ecc,5b15e293-a1be-4368-bd0e-d21b7de95d59,Starter,3,2025-12-28,2026-12-28
8ea5702c-6dee-40d8-84d2-a170208b8c56,c67162d0-34b4-4eb9-8646-7b1331776ca2,Pro,3,2023-07-23,2024-07-22
03d52da3-3618-4040-a813-d0a227bcd718,c67162d0-34b4-4eb9-8646-7b1331776ca2,Pro,3,2024-07-22,2025-07-22
d85a73c5-0ca1-4b57-92e0-35a7ca7d9051,c67162d0-34b4-4eb9-8646-7b1331776ca2,Pro,3,2025-07-22,2026-07-22
b6333ef9-13ca-44fa-b9d8-c4ef6f64ebd5,9f01093c-3c58-44e2-bde4-45cd8f2ee5ec,Pro,1,2023-12-18,2024-12-17
2547d75a-87ee-4318-be28-e5dcd905b4b7,9f01093c-3c58-44e2-bde4-45cd8f2ee5ec,Pro,1,2024-12-17,2025-12-17
1fbb7b11-af52-459d-bf94-1d9bac79cacd,9f01093c-3c58-44e2-bde4-45cd8f2ee5ec,Pro,1,2025-12-17,2026-12-17
888d3071-e694-4681-a51d-22243c6ab672,042b763c-01d8-4f70-8be3-df60be733644,Pro,2,2023-11-30,2024-11-29
48e18631-ea26-4cff-af88-8206eaed073a,55f381ff-d60b-4a54-b09b-4db913242879,Pro,1,2024-07-05,2025-07-05
f6a0e141-e049-47e0-8c45-e19b03b84d59,55f381ff-d60b-4a54-b09b-4db913242879,Pro,1,2025-07-05,2026-07-05
c3a491e1-8b33-465c-85a7-ead4798d354f,b58fbba4-b416-426b-9bb9-6ed87f33e4d3,Starter,1,2024-04-02,2025-04-02
80ab34bf-1a91-449a-8c08-658dde17c89c,81c74da9-c2fd-48b4-bde5-c1488f289b57,Pro,3,2024-07-10,2025-07-10
af800324-e3d7-442b-a7f7-0964ffcd76e7,c4613deb-f57c-4962-8745-75e7fe21e50e,Pro,2,2023-07-27,2024-07-26
603eae3d-c811-4f25-92d8-514a86a1f822,c4613deb-f57c-4962-8745-75e7fe21e50e,Pro,2,2024-07-26,2025-07-26
c5870f74-6f68-47a7-971b-a5ee83da4ed8,c4613deb-f57c-4962-8745-75e7fe21e50e,Pro,2,2025-07-26,2026-07-26
10e18ae6-d3a8-4fbf-9a45-ac1add6ca9ff,199f9c81-c898-425f-9f48-7a66039d2fcc,Starter,1,2024-04-18,2025-04-18
f8f6ea12-a44c-4a4f-8307-bcf73016e9f7,199f9c81-c898-425f-9f48-7a66039d2fcc,Starter,1,2025-04-18,2026-04-18
c085229c-695b-4077-8558-65531e8afb24,e97271f1-e65d-49d3-ab6f-956eb37abc55,Starter,1,2024-03-11,2025-03-11
5aa99946-33ba-4434-96d3-c9cac950f8cf,a2d792e9-0c86-4d9b-8427-c70d518f4684,Starter,1,2023-11-24,2024-11-23
f1f25f17-da93-4d86-be2d-c85a22d5cd6a,a2d792e9-0c86-4d9b-8427-c70d518f4684,Starter,1,2024-11-23,2025-11-23
00d7f1fb-616e-43c8-a23e-ec950298e5cb,a2d792e9-0c86-4d9b-8427-c70d518f4684,Starter,1,2025-11-23,2026-11-23
746c23ae-ca37-4710-a882-096548341bf2,6be1476d-4cff-454a-bdb7-a16cc2cbeb75,Starter,1,2023-09-29,2024-09-28
a6ce358c-6f1a-48eb-aa06-e98b78405c54,6be1476d-4cff-454a-bdb7-a16cc2cbeb75,Starter,1,,
6cbec600-c621-4cf4-9635-a4b9486a483b,6be1476d-4cff-454a-bdb7-a16cc2cbeb75,Pro,1,2025-09-28,2026-09-28
2dde1af6-0a82-4f11-93ed-63968f24d1bc,fd14a422-88ab-430b-baef-0d2da9253e4d,Starter,1,2024-01-30,2025-01-29
33f0a602-416e-488d-a322-8650bb651b64,fd14a422-88ab-430b-baef-0d2da9253e4d,Starter,1,2025-01-29,2026-01-29
a0dd808f-f47b-40c2-b2ee-4baac2d8e87e,0f71a26a-06fa-4c78-9a82-9f263450611e,Starter,2,2023-06-28,2024-06-27
88e0c012-4938-4c82-a254-3c96a42dd992,e34de3f3-76f6-40ce-9ca8-e659bee5ab86,Starter,1,2024-06-24,2025-06-24
d323413d-9674-4b6f-a08e-0bcc9aed2675,e34de3f3-76f6-40ce-9ca8-e659bee5ab86,Starter,1,2025-06-24,2026-06-24
1b5f47a3-732d-46fe-88e7-86b0d719794f,6ad52f91-32d6-4191-b5cb-e10c6f18444a,Starter,1,2024-07-13,2025-07-13
560c0b5b-f219-43ab-9aea-85bb1e8ff5c4,6ad52f91-32d6-4191-b5cb-e10c6f18444a,Starter,1,2025-07-13,2026-07-13
04b5cbba-8a47-4f4c-9e01-7f2a749fedf9,0914ef01-e6d1-4178-93fc-8cef61f86086,Starter,3,2023-11-15,2024-11-14
5e1f1360-edbf-43a8-857c-2acf46395f8d,0914ef01-e6d1-4178-93fc-8cef61f86086,Starter,3,2024-11-14,2025-11-14
f88c6576-366a-491b-805f-61321368cd12,0914ef01-e6d1-4178-93fc-8cef61f86086,Starter,3,2025-11-14,2026-11-14
73e210e5-e350-422a-b063-f780bd0ea578,0c17020b-1ae9-452f-bd8f-d59ed3e7bf10,Starter,2,2024-01-18,2025-01-17
ccd1d360-6e30-4312-8c6f-1459184b766e,0c17020b-1ae9-452f-bd8f-d59ed3e7bf10,Starter,2,2025-01-17,2026-01-17
6b34ce14-2b92-47ac-a21f-40aa5f6cb3fb,791ab0d4-4988-4385-9ff6-7b960b6d7706,Pro,2,2024-02-17,2025-02-16
99c57454-b7a8-41cc-a8b0-f16d1c1d8fc3,dc59829d-35cf-4e90-a868-a153e476a275,Pro,2,2024-05-17,2025-05-17
20f159e2-f787-4054-9c30-3aabf327dc18,dc59829d-35cf-4e90-a868-a153e476a275,Pro,1,2025-05-17,2026-05-17
8f2eee0a-a09d-4efc-af90-05d19a4fdcdb,cf7914ba-9f2e-41ac-a676-deffdf5afbaf,Pro,3,2024-03-22,2025-03-22
e099a48c-3fc5-46a0-89bb-be563291b69a,cf7914ba-9f2e-41ac-a676-deffdf5afbaf,Pro,3,2025-03-22,2026-03-22
3c9a6956-8d07-408f-be38-7b92a8bb5afb,660239f7-a9f1-486b-abcd-bc7905bfe795,Starter,1,2023-06-14,2024-06-13
70848438-6371-46d7-8b8a-c52db287f7c0,660239f7-a9f1-486b-abcd-bc7905bfe795,Starter,1,2024-06-13,2025-06-13
2c308b44-996d-4cf5-8246-4e043d91b513,660239f7-a9f1-486b-abcd-bc7905bfe795,Starter,1,2025-06-13,2026-06-13
b145f3c6-436b-4933-809f-bc94b37d3ba7,59f7233c-0122-45b7-b10b-c881ab04edd8,Pro,2,2024-02-18,2025-02-17
c529181e-652c-4a2f-8cd0-df49ab652145,59f7233c-0122-45b7-b10b-c881ab04edd8,Pro,2,2025-02-17,2026-02-17
38558562-17ae-4d9e-adc4-e409c56af7ce,e956b018-780b-43a5-8859-c3f12ab72348,Pro,1,2023-04-23,2024-04-22
da6f027f-e81a-4d86-ba59-5e95648b5d18,e956b018-780b-43a5-8859-c3f12ab72348,Pro,1,2024-04-22,2025-04-22
4043cdae-2f13-4f7f-afc5-8519c0d4d02f,e956b018-780b-43a5-8859-c3f12ab72348,Pro,1,2025-04-22,2026-04-22
4d77a590-3b12-4424-8bd0-acccb5d84118,934809fe-0a58-406e-bd89-b2f97b0924da,Pro,3,2024-02-12,2025-02-11
5ee64d43-56ae-472e-a674-c28773909dad,934809fe-0a58-406e-bd89-b2f97b0924da,Pro,2,2025-02-11,2026-02-11
1700c039-60b3-4bf1-944a-10143cdec3c9,ee92fc82-e716-47db-ad17-6d35e721d9ed,Pro,3,2023-12-22,2024-12-21
c9628868-b286-4e27-a0ef-917bfafa14ab,ee92fc82-e716-47db-ad17-6d35e721d9ed,Pro,3,2024-12-21,2025-12-21
39aa5354-4ede-4726-b60f-95fe45b172b6,7da9b953-b5e1-466d-bfc1-28c316600bea,Starter,3,2024-02-27,2025-02-26
26f03ffc-a703-4f9c-adb8-c1564a7285db,7da9b953-b5e1-466d-bfc1-28c316600bea,Starter,3,2025-02-26,2026-02-26
58e483fa-6a18-453e-824a-77018a6dc62b,bab5c46b-61d1-48d8-9f7b-c1151db8d67c,Starter,1,2023-08-04,2024-08-03
311691b6-da77-422c-bb54-2bd46869634c,bab5c46b-61d1-48d8-9f7b-c1151db8d67c,Starter,1,2024-08-03,2025-08-03
f7a8305a-0ff9-4c66-b84a-a94c3bc47d96,bab5c46b-61d1-48d8-9f7b-c1151db8d67c,Pro,1,2025-08-03,2026-08-03
6bf9a9ba-21de-4b6b-b1da-27d456e81513,ca209f9b-bc4f-43a5-86c4-b93426b53328,Pro,3,2024-03-08,2025-03-08
7f8c3d3d-5379-4e57-8392-d8f23488b93d,ca209f9b-bc4f-43a5-86c4-b93426b53328,Pro,2,2025-03-08,2026-03-08
868e2585-b819-4b57-8482-efbe1c073551,3ce1a456-87fc-4c0d-802d-bbe2e446c948,Starter,3,2023-08-03,2024-08-02
ab05d65d-d8d9-4eb4-93b1-23ccd792447c,3ce1a456-87fc-4c0d-802d-bbe2e446c948,Starter,3,2024-08-02,2025-08-02
2fb452e5-b209-4f25-923c-223509fc7201,3ce1a456-87fc-4c0d-802d-bbe2e446c948,Starter,3,2025-08-02,2026-08-02
c2c5aef8-00b4-4536-b528-210a754f6ccb,59ed6ef5-0563-4cb2-93a1-78b4c5ae26ca,Starter,2,2023-07-30,2024-07-29
f4df3ffc-c0ad-40c7-a429-b226fc762da1,59ed6ef5-0563-4cb2-93a1-78b4c5ae26ca,Starter,2,2024-07-29,2025-07-29
703755e0-521f-4f2e-9cef-a981959de76a,59ed6ef5-0563-4cb2-93a1-78b4c5ae26ca,Starter,2,2025-07-29,2026-07-29
871cc83e-43ec-4c47-b766-5d213f51cb97,9afbbf4c-204c-4d47-8b67-0ea1107b5833,Starter,2,2024-04-09,2025-04-09
8d32e085-d0de-4374-b54a-8cca21e2ee1d,9afbbf4c-204c-4d47-8b67-0ea1107b5833,Starter,2,2025-04-09,2026-04-09
3272b976-1612-4079-bbb1-5938b9db74bb,2ef6c146-a5b6-4cb4-adc4-172dd4e572d1,Pro,1,2023-05-08,2024-05-07
f4c4989a-41f0-4728-90cf-70937f4212fa,2ef6c146-a5b6-4cb4-adc4-172dd4e572d1,Pro,1,2024-05-07,2025-05-07
e3674712-f238-462c-9d68-3b68049e18d7,2ef6c146-a5b6-4cb4-adc4-172dd4e572d1,Pro,1,2025-05-07,2026-05-07
eac5600e-729c-4025-a6f5-d5a8054a7841,3bc8cc8f-f1f7-41bb-a7db-245a264c6a1d,Starter,2,2024-02-08,2025-02-07
30df43c1-366d-4a3f-a003-3c9ee4f254e7,00b13eac-f8ae-495b-8c92-fc83b249c7c6,Starter,2,2023-08-13,2024-08-12
be30036d-e811-4dbb-8c1b-a95fb31f8cce,00b13eac-f8ae-495b-8c92-fc83b249c7c6,Starter,2,2024-08-12,2025-08-12
a1a0ad9c-6c9d-4d1b-895e-aac69a611414,78b40104-bca4-41b8-b2c7-ffdf8d8c2f17,Pro,2,2023-05-27,2024-05-26
de0a85dd-a58e-4ecb-82a4-fe28abc97c1b,78b40104-bca4-41b8-b2c7-ffdf8d8c2f17,Pro,2,2024-05-26,2025-05-26
98ac7b17-450b-4327-baa3-631e578e8d17,78b40104-bca4-41b8-b2c7-ffdf8d8c2f17,Pro,2,2025-05-26,2026-05-26
f1719c52-e62f-46d2-9abc-4b451f148537,d909ef17-e465-4f39-8ab3-a9052bf47622,Pro,3,2023-08-12,2024-08-11
4deded03-6708-407b-99c5-d34014c329f6,d909ef17-e465-4f39-8ab3-a9052bf47622,Pro,3,2024-08-11,2025-08-11
8784268a-d5a5-46c8-b9dc-2205a4c89714,d909ef17-e465-4f39-8ab3-a9052bf47622,Pro,2,2025-08-11,2026-08-11
dcceee1e-d5b6-42b7-9f73-65b9edf2ab64,c067be13-5fd6-4ee7-a78d-65d1b66d93c1,Pro,1,2023-11-25,2024-11-24
ba562c06-f49f-4b92-9848-eb9c60ec9500,c067be13-5fd6-4ee7-a78d-65d1b66d93c1,Pro,1,2024-11-24,2025-11-24
1534456b-4048-4089-aaeb-aec3d33ca846,c067be13-5fd6-4ee7-a78d-65d1b66d93c1,Pro,1,2025-11-24,2026-11-24
c52234d3-7512-4c81-8eb3-a516dccaadcf,24495b42-bebc-448f-b654-d22770430c9c,Starter,3,2023-05-18,2024-05-17
46dfc7ae-0f82-44da-8384-7a81d8cccb1b,24495b42-bebc-448f-b654-d22770430c9c,Starter,3,2024-05-17,2025-05-17
7e218c94-c56d-403c-997d-6fcda901591f,24495b42-bebc-448f-b654-d22770430c9c,Starter,3,2025-05-17,2026-05-17
0eaf863f-54d1-4e50-8e62-438e6b2c87d3,37b6817f-aaa3-491b-b26f-7827786eac0e,Pro,2,2023-10-06,2024-10-05
28e4e6c0-9f63-485a-b472-6bcb623ffc7f,37b6817f-aaa3-491b-b26f-7827786eac0e,Pro,4,2024-10-05,2025-10-05
a1d43b92-79c3-4c38-9756-283916e7be67,37b6817f-aaa3-491b-b26f-7827786eac0e,Pro,4,2025-10-05,2026-10-05
d2c85381-13ce-4a0e-9d53-fea8da30ec60,718fb441-d904-45d4-a3fa-c83cb3779aed,Pro,2,2023-07-11,2024-07-10
197dfa54-7aa1-47cc-a2d0-d7df546f0be2,718fb441-d904-45d4-a3fa-c83cb3779aed,Pro,2,2024-07-10,2025-07-10
9e442912-760e-47dd-9393-812ca92240e2,718fb441-d904-45d4-a3fa-c83cb3779aed,Pro,2,2025-07-10,2026-07-10
f99c29bf-7669-4c8a-bab0-24390a7a3b02,a6e05acd-8c17-4131-94a2-127610d09e19,Starter,1,,
2cdd8ae3-6ecb-442f-adab-57f71d45eddb,a6e05acd-8c17-4131-94a2-127610d09e19,Starter,1,2024-07-02,2025-07-02
9cf0a3b5-7d02-417a-8d5c-c9f7aef14847,a6e05acd-8c17-4131-94a2-127610d09e19,Starter,1,2025-07-02,2026-07-02
b94a8803-fc85-4e3c-a910-973709e7c121,912e2d2f-e6c0-48d6-995f-fe5e128d1ec5,Starter,3,2024-02-04,2025-02-03
aac08acd-e131-47cf-8a7a-2d18ae767a63,912e2d2f-e6c0-48d6-995f-fe5e128d1ec5,Starter,2,2025-02-03,2026-02-03
1de9f8a2-f6a3-4faf-9524-f18259e6daba,4efac8da-7f61-4468-9270-753f9f2c5d11,Pro,2,2023-10-29,2024-10-28
45adc156-599b-4bb3-813c-98756290a8a1,4efac8da-7f61-4468-9270-753f9f2c5d11,Pro,4,2024-10-28,2025-10-28
099ac043-32d9-4163-a50d-ee248b624ba6,4efac8da-7f61-4468-9270-753f9f2c5d11,Pro,4,2025-10-28,2026-10-28
52fb57b5-5cd2-4c10-9d14-a9cd0a6facfc,ab3aa17e-ae86-4483-a176-a75c77cf4f19,Starter,2,2023-06-16,2024-06-15
9b2a80b8-918b-44e7-98b3-b9595dc6d8cc,ab3aa17e-ae86-4483-a176-a75c77cf4f19,Starter,2,2024-06-15,2025-06-15
b4e719f3-8e8d-4450-9c4e-5af5006cc692,ab3aa17e-ae86-4483-a176-a75c77cf4f19,Pro,2,2025-06-15,2026-06-15
68da8202-c434-437a-938f-24342a2f3004,194a1703-ae1d-433a-8111-43d93f93675c,Starter,2,2023-12-19,2024-12-18
001ebb15-10a9-447a-8cda-bde69793f9b6,ae15ac23-1bc5-4934-9b9c-573c638b8934,Pro,3,2024-03-21,2025-03-21
de59072f-13f6-435b-a858-290695cfdfdd,ae15ac23-1bc5-4934-9b9c-573c638b8934,Pro,3,2025-03-21,2026-03-21
e70e5426-ab7b-4147-bb7d-ff7f98e1238d,7bee1a7a-7180-4cfa-b863-204f6cc98090,Starter,2,2023-07-21,2024-07-20
0dfee6fe-21d5-4eb5-a089-00b6054e4660,7bee1a7a-7180-4cfa-b863-204f6cc98090,Starter,2,2024-07-20,2025-07-20
8113f0f4-4fc1-487b-bde7-067ba113c0c5,7bee1a7a-7180-4cfa-b863-204f6cc98090,Starter,1,2025-07-20,2026-07-20
c3598c81-8f79-48ec-90db-a9123a5f062b,17c32b31-67a4-4a3f-9b00-58e59fd76f53,Pro,1,2023-08-19,2024-08-18
b09c94cd-a120-4443-aabe-a254679fb976,17c32b31-67a4-4a3f-9b00-58e59fd76f53,Pro,1,2024-08-18,2025-08-18
3f80ae41-316c-44aa-91be-51327f4e9e7b,17c32b31-67a4-4a3f-9b00-58e59fd76f53,Pro,1,2025-08-18,2026-08-18
4b5d3806-d9ef-4479-9aa3-ed175975a772,6625f140-302c-423d-865b-c4d8c353952b,Pro,1,2023-09-02,2024-09-01
f8db0f78-37a1-42d2-866b-50bb155164bd,6625f140-302c-423d-865b-c4d8c353952b,Pro,1,2024-09-01,2025-09-01
31c1ff90-a05d-4396-8722-b868bb267071,6625f140-302c-423d-865b-c4d8c353952b,Pro,1,2025-09-01,2026-09-01
440ac3c1-151b-4a0a-ae76-e7c8d6eea72b,da9f393d-f784-45e6-8adc-d1862ef8e176,Pro,1,2024-02-10,2025-02-09
060a44b3-b8db-4b98-bb83-217233d86b3f,da9f393d-f784-45e6-8adc-d1862ef8e176,Pro,1,2025-02-09,2026-02-09
838f73b8-2988-4c74-ba63-e231befc2ad8,ebc1cc08-c324-4979-9f3a-3bbef665f952,Pro,1,2023-11-20,2024-11-19
41773c17-c0b3-4192-9ecb-6848e7ed064e,ebc1cc08-c324-4979-9f3a-3bbef665f952,Pro,1,2024-11-19,2025-11-19
cc1a7e43-c9bd-40e4-ac28-89690f068767,ebc1cc08-c324-4979-9f3a-3bbef665f952,Pro,3,2025-11-19,2026-11-19
6b5e421b-1fca-4aa7-b15f-43977beaef48,d0aaf604-6540-4964-ae93-5f385e64e57b,Pro,1,2023-12-18,2024-12-17
f12273bc-e839-4f85-b409-394467c4d293,d0aaf604-6540-4964-ae93-5f385e64e57b,Pro,1,2024-12-17,2025-12-17
1368e069-62e5-4304-b672-2fb1048a97a7,d0aaf604-6540-4964-ae93-5f385e64e57b,Pro,1,2025-12-17,2026-12-17
5c0aa09d-1624-4ecf-ac6c-2d248fe96e54,237ade5e-8ff0-4acb-8abe-e9daf93f3c0f,Starter,2,2024-02-29,2025-02-28
2c7f5d71-2fbe-41fb-b7d3-7d01fbd1ba2d,237ade5e-8ff0-4acb-8abe-e9daf93f3c0f,Pro,2,2025-02-28,2026-02-28
57711f88-58d9-4477-9f0c-556a35d89e44,32fd4e4d-aa00-4062-86ac-3342a4e122ca,Starter,2,2023-11-05,2024-11-04
814cdfb2-cc08-4e90-9d83-117b37661196,32fd4e4d-aa00-4062-86ac-3342a4e122ca,Starter,2,2024-11-04,2025-11-04
a9b711e9-bc0e-4deb-bd6d-04ecdbedef93,32fd4e4d-aa00-4062-86ac-3342a4e122ca,Starter,1,2025-11-04,2026-11-04
cb0573c0-663e-4a32-ba6c-11544f1fcec0,40190171-7fd2-4059-a9ad-512e22f569a4,Pro,2,2024-01-19,2025-01-18
4dee1387-b677-4a95-b9c3-a7ec07ba9733,40190171-7fd2-4059-a9ad-512e22f569a4,Pro,2,2025-01-18,2026-01-18
a4795f0d-0c8e-4bc5-8312-423bb4fd09c3,f415bd55-45f9-463a-8439-db805b0605b7,Pro,3,2024-07-09,2025-07-09
935bf2f6-cab9-4636-9b62-7cc4096b1f8e,f415bd55-45f9-463a-8439-db805b0605b7,Pro,2,2025-07-09,2026-07-09
807a3ee1-2a1c-4e79-9d14-7ac537748c11,de559001-73dc-4d24-bdf7-617f51b81017,Starter,1,2023-12-21,2024-12-20
7e414cd2-11ed-424d-a2ad-14c3600ffc27,de559001-73dc-4d24-bdf7-617f51b81017,Starter,1,2024-12-20,2025-12-20
c491e923-2337-4996-b583-1802cc8daad5,7713e179-cf81-47ba-a7c3-e8210bdc54d2,Starter,1,2023-07-17,2024-07-16
df9c0ffd-b0c3-482a-aff0-2b4cbc5a4333,7713e179-cf81-47ba-a7c3-e8210bdc54d2,Starter,1,2024-07-16,2025-07-16
74453b1a-49df-46a3-9bb0-a05dfe7bdfe6,7713e179-cf81-47ba-a7c3-e8210bdc54d2,Starter,1,2025-07-16,2026-07-16
40cb1e10-aff7-4e07-9e99-188060adc265,a5053537-11c0-4c1c-a896-75e1ebca34dc,Starter,2,2024-04-14,2025-04-14
b9a80b68-de44-47b6-928b-5ebedd79327c,a5053537-11c0-4c1c-a896-75e1ebca34dc,Starter,2,2025-04-14,2026-04-14
1831892d-c2a4-443c-b246-d68c65c542e0,b2620dc5-4baf-47c6-91cc-2914a24473dc,Starter,3,2023-08-25,2024-08-24
872edfbd-8f2a-4d07-84a5-7e71752982d4,b2620dc5-4baf-47c6-91cc-2914a24473dc,Starter,3,2024-08-24,2025-08-24
af1bd712-aaa4-4fe9-9d59-72ce28606764,b2620dc5-4baf-47c6-91cc-2914a24473dc,Starter,3,2025-08-24,2026-08-24
d3659c5f-09a1-40cd-9ace-fd3f54718ae0,eb63138f-77c2-4d76-9a7e-60149f0b3549,Pro,2,2023-04-02,2024-04-01
863defd0-a077-4400-8da4-99d3e9680306,eb63138f-77c2-4d76-9a7e-60149f0b3549,Pro,1,2024-04-01,2025-04-01
18b6186f-3512-4e85-9dfc-c78b64775d16,eb63138f-77c2-4d76-9a7e-60149f0b3549,Pro,1,2025-04-01,2026-04-01
3108b59a-b50d-45d5-84da-3f57e1f5bfe4,786276ae-cad3-485c-983d-b5bfa7407d38,Starter,2,2024-01-12,2025-01-11
19fca622-1327-4890-946a-b6ff50a82da9,786276ae-cad3-485c-983d-b5bfa7407d38,Pro,2,2025-01-11,2026-01-11
e4f3088a-555e-419d-97b2-d01fccde683a,b3e22511-3820-4021-af6a-3ff814aee762,Starter,3,2023-07-14,2024-07-13
adefcd61-0796-41bc-8af7-0bcf3c64765c,0bf111b5-cf97-4d15-8b3f-5624dd3ca217,Pro,2,2023-10-06,2024-10-05
3c9de10f-f196-43dc-abfa-03ed487a27fe,a6091e0d-5ec2-4c47-967b-df6d2417bc38,Pro,1,2024-02-15,2025-02-14
63cbdb26-20e6-40d0-9ea4-3c4465cc5c6c,a6091e0d-5ec2-4c47-967b-df6d2417bc38,Pro,3,2025-02-14,2026-02-14
abe7cb57-be78-48ce-8253-fcf4d61361bd,ed27fb14-ce0c-4013-9807-8b3b442546cc,Pro,2,2023-06-19,2024-06-18
88b3bd1f-2d35-4641-b730-a62c19c1668f,ed27fb14-ce0c-4013-9807-8b3b442546cc,Pro,2,2024-06-18,2025-06-18
f3bf2461-ce7a-476d-b966-a28415537afe,ed27fb14-ce0c-4013-9807-8b3b442546cc,Pro,2,2025-06-18,2026-06-18
5ba784fd-2f9f-42c8-98b5-5824f9d15670,5f568b10-6cad-4d18-98e8-91bf7cf33ade,Starter,3,2023-12-22,2024-12-21
1b00a9c7-eb41-4677-8932-10c5caffa2d3,5f568b10-6cad-4d18-98e8-91bf7cf33ade,Pro,3,2024-12-21,2025-12-21
edd12a75-156e-477b-a8f2-5c7566adee49,5f568b10-6cad-4d18-98e8-91bf7cf33ade,Pro,3,2025-12-21,2026-12-21
e16c1c6c-67c0-4d1b-a841-42efd97bbb5d,d2a2a5d4-32cc-4919-8880-72c8481ef21e,Starter,1,2024-05-10,2025-05-10
af7e22f8-4d30-4173-b5ea-cc07f6b08d3b,d2a2a5d4-32cc-4919-8880-72c8481ef21e,Starter,1,2025-05-10,2026-05-10
066e0010-6426-444c-bbc3-bf425b602736,6af58644-644b-4b44-a1ae-0d004cad057d,Starter,2,2023-12-27,2024-12-26
6e768395-e61d-4c37-a9e8-78b02901c404,6af58644-644b-4b44-a1ae-0d004cad057d,Pro,2,2024-12-26,2025-12-26
41de5cbe-ee0b-420e-bdbc-c7aa68db7e98,6af58644-644b-4b44-a1ae-0d004cad057d,Pro,1,2025-12-26,2026-12-26
35bd797a-5061-4a39-a35b-7353678d6379,8ae93705-3a5b-4396-afe7-b54b3c020260,Starter,3,2024-04-12,2025-04-12
018b50d2-3237-41d1-a54a-a356b0d4bd4e,edc2958d-2bf4-4d44-a3be-a68116b56252,Pro,3,2023-06-16,2024-06-15
0c842e35-37da-46be-b6d4-2c02f9570c2e,edc2958d-2bf4-4d44-a3be-a68116b56252,Pro,3,2024-06-15,2025-06-15
7e956d2d-185a-40bc-be15-5144212988fa,edc2958d-2bf4-4d44-a3be-a68116b56252,Pro,3,2025-06-15,2026-06-15
9fef4f4e-d3ea-4499-88db-2d03cf132ab4,c73e1a09-d0cb-4580-a4c4-00dc552324fe,Starter,1,2023-10-21,2024-10-20
e0aefa5f-1384-496e-a832-2be34be6253c,c73e1a09-d0cb-4580-a4c4-00dc552324fe,Starter,1,2024-10-20,2025-10-20
49320ba6-f264-4ec4-9d42-8621d9825825,c73e1a09-d0cb-4580-a4c4-00dc552324fe,Starter,1,2025-10-20,2026-10-20
e2cc3642-9712-4b22-86ce-eb82fd3cf03c,d6d701cb-5e3d-4e3a-8a29-43ed37f02e06,Starter,1,2023-09-30,2024-09-29
12684c17-94f7-4832-b4be-3d064c2764e3,13c9c6b0-3458-45a3-b47f-8cf79a9553f0,Pro,3,2023-08-03,2024-08-02
ec040c79-b006-4518-ac31-d17aa95b25e9,13c9c6b0-3458-45a3-b47f-8cf79a9553f0,Pro,3,2024-08-02,2025-08-02
6209a5d2-41d1-4c90-b35a-fa26b118f511,13c9c6b0-3458-45a3-b47f-8cf79a9553f0,Pro,2,2025-08-02,2026-08-02
8d0e834c-3793-4a5f-aa5b-d8bf657756eb,df2c8ad4-ffae-426d-8f2f-f534bf15c20a,Starter,0,2023-09-21,2024-09-20
4a98b212-3b8d-467a-becd-eb072170fce7,df2c8ad4-ffae-426d-8f2f-f534bf15c20a,Starter,1,2024-09-20,2025-09-20
4ec5b404-e313-488e-b1ef-d689e7ada174,df2c8ad4-ffae-426d-8f2f-f534bf15c20a,Pro,1,2025-09-20,2026-09-20
9b015c1d-9545-4f2a-a501-7a3ab4c1a3dc,5ab0ec12-d01b-42d3-a5c3-5cd939aa4e37,Pro,3,2023-04-19,2024-04-18
541200f6-9f18-4b18-b3b4-0a7e1cc183ae,5ab0ec12-d01b-42d3-a5c3-5cd939aa4e37,Pro,3,2024-04-18,2025-04-18
31ecffef-700c-4c75-a8e6-e43aa2f9b8d3,5ab0ec12-d01b-42d3-a5c3-5cd939aa4e37,Pro,3,2025-04-18,2026-04-18
b9c3308c-733d-4c83-939e-3ec37cfcfed2,6219dc76-b9f7-4dfa-8647-3c436532d9fc,Starter,1,2024-02-02,2025-02-01
4ae66924-e0d1-458f-a454-7bc06240b94f,6219dc76-b9f7-4dfa-8647-3c436532d9fc,Starter,1,2025-02-01,2026-02-01
a85e29ea-ec48-41f7-b142-317a5fc0fb88,202ade12-00a2-4210-9263-7e577443137d,Starter,3,2024-01-30,2025-01-29
a46c9a8f-7ec3-4354-aebb-72aa19142554,202ade12-00a2-4210-9263-7e577443137d,Starter,3,2025-01-29,2026-01-29
010d32e5-18ce-41f7-bcb2-31924bd22518,c7388f76-2f01-46b0-a597-c66dfc4167fc,Pro,3,2024-02-03,2025-02-02
595c7008-b4e9-452c-ab7b-bb4a603d3bb9,cd4cbb64-0bef-46e2-9457-d48c14c94bf3,Starter,1,2023-09-30,2024-09-29
7f0a5899-95e7-4a30-8ae6-136b714f58d7,cd4cbb64-0bef-46e2-9457-d48c14c94bf3,Starter,1,2024-09-29,2025-09-29
1dc39b45-85f0-4dd4-9194-0a505eb5e972,cd4cbb64-0bef-46e2-9457-d48c14c94bf3,Starter,1,2025-09-29,2026-09-29
f75f6c09-5885-4d65-8614-32de001a6f48,69c6b2d6-2702-4e34-b7cb-4775e4369a3f,Starter,1,2024-03-16,2025-03-16
0f026ebf-0410-4898-8a69-49713515098f,69c6b2d6-2702-4e34-b7cb-4775e4369a3f,Starter,1,2025-03-16,2026-03-16